"행정구역별(1)",행정구역별(2),주민등록인구수(등록외국인포함) (명),합계,합계,합계,종합병원 (개),종합병원 (개),종합병원 (개),병원 (개),병원 (개),의원 (개),의원 (개),특수병원 (개),특수병원 (개),요양병원 (개),요양병원 (개),치과병(의)원 (개),치과병(의)원 (개),한방병원 (개),한방병원 (개),한의원 (개),한의원 (개),조산소 (개),조산소 (개),부속병·의원 (개),부속병·의원 (개),보건의료원 (개),보건소 (개),보건지소 (개),보건진료소 (개)
"행정구역별(1)",행정구역별(2),소계,병원수 (개),병상수 (개),병상확보율 (%),병원수,병상수,만명당종합병원수,병원수,병상수,병원수,병상수,병원수,병상수,병원수,병상수,병원수,병상수,병원수,병상수,병원수,병상수,병원수,병상수,병원수,병상수,소계,소계,소계,소계
"행정구역별(1)",행정구역별(2),2014,2014,2014,2014,2014,2014,2014,2014,2014,2014,2014,2014,2014,2014,2014,2014,2014,2014,2014,2014,2014,2014,2014,2014,2014,2014,2014,2014,2014
"총계",소계,52419359,62179,651499,1.24,330,144598,0.06,1332,148906,29088,77689,172,48060,1297,214478,16192,368,233,14209,13303,2450,33,70,199,671,14,219,1161,1680
"서울특별시",소계,10369593,16386,85347,0.82,57,33469,0.05,206,17098,7695,13335,15,3791,98,15004,4697,153,33,1852,3530,602,5,14,50,29,-,25,10,-
"서울특별시",종로구,165344,476,3277,1.98,4,2947,0.24,2,123,167,136,-,-,-,-,168,40,1,31,128,-,-,-,6,-,-,1,-,-
"서울특별시",중구,136227,544,1580,1.16,3,1120,0.22,2,218,202,242,-,-,-,-,221,-,-,-,98,-,-,-,18,-,-,1,-,-
"서울특별시",용산구,249914,289,992,0.40,2,816,0.08,1,82,119,89,-,-,-,-,104,-,-,-,60,-,1,5,2,-,-,1,-,-
"서울특별시",성동구,303891,381,1897,0.62,1,825,0.03,6,514,172,244,-,-,2,314,117,-,-,-,83,-,-,-,-,-,-,1,-,-
"서울특별시",광진구,377375,528,2579,0.68,2,1115,0.05,4,224,252,803,1,335,1,76,152,-,-,-,116,26,-,-,-,-,-,1,2,-
"서울특별시",동대문구,376319,589,5907,1.57,5,2051,0.13,13,1501,233,624,1,500,7,960,146,26,1,240,182,-,1,5,-,-,-,1,-,-
"서울특별시",중랑구,423411,473,3185,0.75,2,990,0.05,12,891,219,728,1,213,3,363,132,-,-,-,104,-,-,-,-,-,-,1,-,-
"서울특별시",성북구,475961,541,3364,0.71,1,1051,0.02,5,414,255,649,1,233,6,976,152,-,-,-,121,41,-,-,-,-,-,1,1,-
"서울특별시",강북구,338410,424,2170,0.64,1,214,0.03,9,934,211,579,2,143,2,282,111,-,-,-,88,18,-,-,-,-,-,1,-,-
"서울특별시",도봉구,355712,345,2769,0.78,1,367,0.03,6,657,148,301,3,542,8,902,99,-,-,-,79,-,-,-,1,-,-,1,1,-
"서울특별시",노원구,586056,684,3503,0.60,3,1816,0.05,6,368,327,454,1,100,5,712,187,-,1,32,153,21,-,-,1,-,-,1,1,-
"서울특별시",은평구,503243,593,3635,0.72,1,211,0.02,10,778,283,631,2,819,6,1044,152,-,1,36,137,116,-,-,1,-,-,1,2,-
"서울특별시",서대문구,320861,413,3706,1.16,2,2686,0.06,3,186,191,439,-,-,2,258,122,9,1,108,92,20,-,-,-,-,-,1,1,-
"서울특별시",마포구,395830,667,619,0.16,-,-,-,1,148,321,313,-,-,1,80,187,-,1,33,156,45,-,-,-,-,-,1,-,-
"서울특별시",양천구,490708,610,2936,0.60,2,1118,0.04,6,822,269,543,-,-,3,280,181,7,3,131,146,35,-,-,-,-,-,1,-,-
"서울특별시",강서구,591653,688,3633,0.61,3,524,0.05,16,1234,320,662,-,-,7,1107,187,-,1,61,151,43,1,2,2,-,-,1,-,-
"서울특별시",구로구,457131,539,3761,0.82,2,1269,0.04,8,641,248,460,1,437,6,854,162,-,1,68,108,29,1,2,2,1,-,1,-,-
"서울특별시",금천구,258030,315,1874,0.73,1,189,0.04,4,383,133,404,-,-,6,837,100,-,1,47,70,14,-,-,-,-,-,1,-,-
"서울특별시",영등포구,421436,699,5534,1.31,7,2207,0.17,10,1047,298,555,-,-,10,1582,218,-,3,143,144,-,-,-,9,-,-,1,-,-
"서울특별시",동작구,419261,550,2925,0.70,2,1632,0.05,5,393,242,333,-,-,3,520,165,-,-,-,133,47,-,-,-,-,-,1,-,-
"서울특별시",관악구,531960,661,2386,0.45,2,463,0.04,7,456,296,780,-,-,3,610,197,-,-,-,154,77,-,-,2,-,-,1,-,-
"서울특별시",서초구,454288,1184,3160,0.70,1,1355,0.02,8,898,569,535,-,-,2,162,330,12,5,198,268,-,-,-,1,-,-,1,1,-
"서울특별시",강남구,583446,2452,7306,1.25,4,3104,0.07,34,1900,1435,1347,-,-,2,420,600,49,8,462,369,24,-,-,-,-,-,1,-,-
"서울특별시",송파구,671794,1006,6511,0.97,2,3214,0.03,14,1273,451,696,1,213,6,1030,299,-,1,30,227,27,1,-,4,28,-,1,1,-
"서울특별시",강동구,481332,735,6138,1.28,3,2185,0.06,14,1013,334,788,1,256,7,1635,208,10,4,232,163,19,-,-,1,-,-,1,-,-
"부산광역시",소계,3557716,4793,66354,1.87,27,12716,0.08,115,12544,2147,5010,18,5158,184,30275,1196,29,8,539,1088,77,4,6,6,0,0,15,10,5
"부산광역시",중구,48058,151,1521,3.16,1,476,0.21,1,103,76,129,-,-,7,813,42,-,-,-,24,-,-,-,-,-,-,1,-,-
"부산광역시",서구,119506,143,4720,3.95,4,3283,0.33,2,170,57,226,-,-,6,989,33,-,1,36,40,16,-,-,-,-,-,1,-,-
"부산광역시",동구,96017,184,2838,2.96,3,900,0.31,5,461,79,98,-,-,5,1379,40,-,-,-,52,-,-,-,-,-,-,1,-,-
"부산광역시",영도구,133750,140,1384,1.03,2,543,0.15,-,-,72,76,-,-,4,765,28,-,-,-,34,-,-,-,-,-,-,-,-,-
"부산광역시",부산진구,389558,731,6202,1.59,4,1941,0.10,11,1015,386,632,-,-,14,2463,163,8,1,139,151,4,-,-,1,-,-,1,-,-
"부산광역시",동래구,276823,430,5919,2.14,3,915,0.11,13,1071,167,562,4,722,14,2649,115,-,-,-,114,-,-,-,-,-,-,1,-,-
"부산광역시",남구,290137,332,3209,1.11,1,448,0.03,5,575,138,282,3,637,8,1264,92,3,-,-,85,-,-,-,-,-,-,1,-,-
"부산광역시",북구,308215,337,4449,1.44,1,399,0.03,8,875,151,371,1,298,18,2503,85,3,-,-,72,-,-,-,1,-,-,1,1,-
"부산광역시",해운대구,427460,596,6018,1.41,1,865,0.02,13,1369,279,851,1,299,21,2460,154,15,1,123,125,36,1,-,-,-,-,1,2,-
"부산광역시",사하구,347859,401,7291,2.10,-,-,-,20,2237,170,506,1,299,22,4228,103,-,-,-,85,21,-,-,-,-,-,1,-,-
"부산광역시",금정구,252850,328,5573,2.20,1,422,0.04,9,1074,134,281,2,675,18,3012,86,-,2,109,76,-,-,-,-,-,-,1,-,-
"부산광역시",강서구,85097,44,304,0.36,-,-,-,1,200,16,25,-,-,1,79,13,-,-,-,9,-,-,-,4,-,-,1,4,3
"부산광역시",연제구,208787,326,4620,2.21,1,562,0.05,9,844,142,369,1,540,14,2226,82,-,2,73,73,-,2,6,-,-,-,1,-,-
"부산광역시",수영구,179620,272,3768,2.10,2,699,0.11,8,996,104,186,-,-,10,1887,69,-,-,-,79,-,-,-,-,-,-,1,-,-
"부산광역시",사상구,247364,231,6650,2.69,2,964,0.08,8,1278,106,226,5,1688,13,2494,57,-,-,-,39,-,1,-,-,-,-,1,-,-
"부산광역시",기장군,146615,147,1888,1.29,1,299,0.07,2,276,70,190,-,-,9,1064,34,-,1,59,30,-,-,-,-,-,-,1,3,2
"대구광역시",소계,2518467,3428,34631,1.38,12,6681,0.05,110,13983,1592,3149,2,723,61,9933,810,15,2,125,829,0,2,22,8,0,0,8,10,8
"대구광역시",중구,79610,397,3633,4.56,3,2014,0.38,9,799,212,347,0,0,3,458,96,15,0,0,73,0,0,0,1,0,0,1,0,0
"대구광역시",동구,349619,427,3942,1.13,1,702,0.03,9,1565,209,506,0,0,8,1169,95,0,0,0,105,0,0,0,0,0,0,1,0,0
"대구광역시",서구,213136,260,3597,1.69,1,498,0.05,9,1218,118,295,0,0,8,1586,53,0,0,0,71,0,0,0,0,0,0,1,0,0
"대구광역시",남구,164483,247,4458,2.71,2,1767,0.12,8,1120,107,159,0,0,10,1412,57,0,0,0,62,0,0,0,1,0,0,1,0,0
"대구광역시",북구,449157,508,6229,1.39,2,729,0.04,16,2573,227,766,1,363,10,1776,132,0,0,0,115,0,1,22,4,0,0,1,1,0
"대구광역시",수성구,457976,674,3487,0.76,1,285,0.02,20,1561,299,393,0,0,6,1123,158,0,2,125,187,0,1,0,0,0,0,1,1,0
"대구광역시",달서구,615140,732,7077,1.15,2,686,0.03,33,4360,333,480,0,0,11,1551,180,0,0,0,173,0,0,0,0,0,0,1,1,0
"대구광역시",달성군,189346,183,2208,1.17,0,0,0.00,6,787,87,203,1,360,5,858,39,0,0,0,43,0,0,0,2,0,0,1,7,8
"인천광역시",소계,2957931,2972,32780,1.11,19,8407,0.06,47,5831,1406,7406,5,1019,60,8982,810,8,14,788,603,339,2,0,6,0,0,10,28,26
"인천광역시",중구,116188,100,1996,1.72,3,1430,0.26,-,-,45,175,-,-,3,391,34,-,-,-,15,-,-,-,-,-,-,1,2,1
"인천광역시",동구,75011,86,824,1.10,2,563,0.27,-,-,40,261,-,-,-,-,24,-,-,-,18,-,-,-,2,-,-,1,-,-
"인천광역시",미추홀구,415448,428,6500,1.56,2,688,0.05,8,1042,205,2731,-,-,12,1786,114,-,2,105,85,148,-,-,-,-,-,1,1,-
"인천광역시",연수구,316421,293,1699,0.54,2,517,0.06,3,286,139,386,-,-,3,461,85,3,1,46,60,-,-,-,-,-,-,1,1,-
"인천광역시",남동구,527253,625,6304,1.20,1,1600,0.02,12,1481,315,1253,-,-,11,1737,155,-,3,182,128,51,-,-,-,-,-,1,1,-
"인천광역시",부평구,566321,614,5391,0.95,3,1486,0.05,12,1335,288,969,-,-,8,1282,170,5,4,236,127,78,-,-,2,-,-,1,1,-
"인천광역시",계양구,342649,355,3912,1.14,1,423,0.03,5,334,159,673,3,638,11,1724,101,-,2,120,70,-,1,-,2,-,-,1,1,-
"인천광역시",서구,510007,411,5330,1.05,5,1700,0.10,5,1163,195,866,-,-,10,1440,112,-,2,99,81,62,1,-,-,-,-,1,1,-
"인천광역시",강화군,67775,55,786,1.16,0,0,0.00,1,160,19,84,2,381,2,161,14,-,-,-,17,-,-,-,-,-,-,1,12,14
"인천광역시",옹진군,20858,5,38,0.18,0,0,0.00,1,30,1,8,-,-,-,-,1,-,-,-,2,-,-,-,-,-,-,1,8,11
"광주광역시",소계,1492948,1960,33402,2.24,21,6817,0.14,71,8202,874,3104,2,379,41,10475,571,5,70,4303,304,117,-,-,6,-,-,5,4,10
"광주광역시",동구,101833,234,5642,5.54,2,1755,0.20,9,1379,120,548,-,-,7,1620,56,5,4,307,34,28,-,-,2,-,-,1,-,-
"광주광역시",서구,311985,479,5061,1.62,5,1244,0.16,16,1353,223,683,-,-,5,934,137,-,12,811,81,36,-,-,-,-,-,1,1,1
"광주광역시",남구,221120,283,5692,2.57,3,1047,0.14,11,1337,115,454,-,-,7,2023,92,-,12,831,43,-,-,-,-,-,-,1,1,2
"광주광역시",북구,451936,546,8150,1.80,5,928,0.11,20,2417,243,821,1,83,10,2563,159,-,25,1297,83,41,-,-,-,-,-,1,1,-
"광주광역시",광산구,406074,418,8857,2.18,6,1843,0.15,15,1716,173,598,1,296,12,3335,127,-,17,1057,63,12,-,-,4,-,-,1,1,7
"대전광역시",소계,1547467,2125,22514,1.45,9,5081,0.06,33,3068,1011,3857,7,1630,51,8208,506,52,5,435,492,140,2,-,9,43,-,5,7,8
"대전광역시",동구,248924,318,2925,1.18,1,341,0.04,1,78,147,490,1,140,11,1673,69,-,1,79,85,110,-,-,2,14,-,1,1,1
"대전광역시",중구,262756,388,6171,2.35,3,2590,0.11,5,335,181,1009,2,285,15,1877,93,5,1,70,87,-,1,-,-,-,-,1,1,1
"대전광역시",서구,499387,845,6689,1.34,2,1222,0.04,22,1576,410,1425,1,413,11,1756,209,11,3,286,185,-,-,-,2,-,-,1,2,1
"대전광역시",유성구,332749,360,3735,1.12,1,229,0.03,2,659,165,478,2,570,9,1716,88,25,-,-,88,29,1,-,4,29,-,1,2,4
"대전광역시",대덕구,203651,214,2994,1.47,2,699,0.10,3,420,108,455,1,222,5,1186,47,11,-,-,47,1,-,-,1,-,-,1,1,1
"울산광역시",소계,1192262,1288,14053,1.18,6,2700,0.05,36,3820,547,1268,2,417,45,5630,359,13,3,197,283,8,0,0,7,0,0,5,8,11
"울산광역시",중구,241407,234,2459,1.02,1,598,0.04,9,708,99,121,-,-,7,1032,65,-,-,-,53,-,-,-,-,-,-,1,-,-
"울산광역시",남구,353362,570,5536,1.57,2,513,0.06,16,1510,244,421,2,417,22,2465,159,13,3,197,121,-,-,-,1,-,-,1,1,-
"울산광역시",동구,183587,177,1921,1.05,1,883,0.05,2,161,79,445,-,-,3,432,51,-,-,-,38,-,-,-,3,-,-,1,-,-
"울산광역시",북구,191196,148,948,0.50,1,244,0.05,3,214,62,146,-,-,3,344,46,-,-,-,32,-,-,-,1,-,-,1,-,2
"울산광역시",울주군,222710,159,3189,1.43,1,462,0.04,6,1227,63,135,-,-,10,1357,38,-,-,-,39,8,-,-,2,-,-,1,7,9
"세종특별자치시",소계,158844,153,1284,0.81,-,-,0.00,1,99,72,218,1,120,6,847,36,-,-,-,32,-,-,-,5,-,-,-,11,7
"경기도",소계,12709996,13058,122695,0.97,56,23231,0.04,258,28776,6278,16695,39,10224,267,41024,3466,28,36,1850,2609,610,9,19,40,238,1,44,124,161
"경기도",수원시,1209169,1383,10115,0.84,4,2439,0.03,32,2888,836,1524,3,598,17,2494,264,-,2,137,216,-,-,-,9,35,-,4,-,-
"경기도",성남시,992215,1441,9662,0.97,5,3230,0.05,21,3337,672,1329,-,-,11,1586,422,3,2,133,304,44,-,-,4,-,-,3,1,-
"경기도",의정부시,434760,487,5726,1.32,3,1135,0.07,17,2694,236,610,3,640,4,598,132,-,1,49,87,-,1,-,3,-,-,1,-,-
"경기도",안양시,608309,772,4561,0.75,4,1679,0.07,12,1012,344,862,-,-,7,891,230,1,2,100,170,13,2,3,1,-,-,2,-,-
"경기도",부천시,874745,1024,11614,1.33,5,2366,0.06,21,1800,535,1312,4,559,28,5121,223,-,6,371,201,78,1,7,-,-,-,3,-,-
"경기도",광명시,353839,383,1998,0.56,1,424,0.03,3,203,189,727,-,-,4,642,109,-,-,-,75,-,1,2,1,-,-,1,-,-
"경기도",평택시,466720,448,3797,0.81,3,811,0.06,14,1544,212,754,-,-,6,646,115,-,-,-,93,14,1,1,4,27,-,2,9,11
"경기도",동두천시,100528,84,2190,2.18,0,0,0.00,2,284,38,190,1,270,8,1446,20,-,-,-,15,-,-,-,-,-,-,1,-,-
"경기도",안산시,761631,701,9146,1.20,4,1926,0.05,20,1666,332,1365,1,179,21,3345,185,-,9,438,128,226,1,1,-,-,-,2,3,1
"경기도",고양시,1018013,1105,11908,1.17,5,3137,0.05,20,2224,507,1233,5,1007,24,4061,298,7,3,133,243,106,-,-,-,-,-,3,-,-
"경기도",과천시,70448,64,13,0.02,0,0,0.00,-,-,30,13,-,-,-,-,18,-,-,-,14,-,-,-,2,-,-,1,-,-
"경기도",구리시,188202,266,2873,1.53,1,578,0.05,12,1444,121,349,1,137,2,365,77,-,-,-,52,-,-,-,-,-,-,1,2,-
"경기도",남양주시,642192,570,5477,0.85,3,942,0.05,11,1057,257,758,2,522,13,2195,161,-,-,-,122,-,1,3,-,-,-,1,7,3
"경기도",오산시,215819,197,2086,0.97,1,360,0.05,3,245,90,322,1,486,4,673,63,-,-,-,35,-,-,-,-,-,-,1,-,-
"경기도",시흥시,424622,353,4155,0.98,3,655,0.07,3,334,170,931,-,-,14,2038,99,-,5,197,59,-,-,-,-,-,-,1,1,4
"경기도",군포시,294987,281,2447,0.83,2,714,0.07,3,374,132,253,2,460,5,641,83,5,-,-,54,-,-,-,-,-,-,1,-,-
"경기도",의왕시,159897,150,2007,1.26,0,0,0.00,1,200,67,82,3,1125,3,515,43,-,-,-,30,-,1,2,2,83,-,1,-,-
"경기도",하남시,150645,155,702,0.47,0,0,0.00,4,224,74,242,-,-,3,236,42,-,-,-,32,-,-,-,-,-,-,1,-,-
"경기도",용인시,976883,926,8394,0.86,3,672,0.03,9,851,424,573,5,2138,22,4130,275,6,-,-,187,24,-,-,1,-,-,3,8,10
"경기도",파주시,420526,349,3682,0.88,1,192,0.02,9,645,158,421,1,299,14,2094,95,-,1,31,69,-,-,-,1,-,-,1,6,7
"경기도",이천시,210824,187,1891,0.90,1,125,0.05,4,317,93,344,2,598,3,507,48,-,-,-,35,-,-,-,1,-,-,1,7,15
"경기도",안성시,190952,163,2431,1.27,1,151,0.05,3,276,70,193,1,299,12,1512,44,-,-,-,30,-,-,-,2,-,-,1,10,16
"경기도",김포시,355900,322,2670,0.75,2,690,0.06,6,750,132,458,1,130,4,500,87,-,2,142,88,-,-,-,-,-,-,1,6,7
"경기도",화성시,572539,494,4356,0.76,2,741,0.03,8,1141,234,669,2,479,9,1210,139,6,-,-,93,62,-,-,7,48,-,1,14,13
"경기도",광주시,309701,207,1321,0.43,0,0,0.00,3,445,93,373,-,-,4,503,53,-,-,-,54,-,-,-,-,-,-,1,4,12
"경기도",양주시,209502,135,2101,1.00,0,0,0.00,5,1001,61,159,1,298,5,614,34,-,-,-,29,29,-,-,-,-,-,1,2,3
"경기도",포천시,167924,114,1436,0.86,2,264,0.12,2,262,51,230,-,-,6,670,31,-,-,-,22,10,-,-,-,-,-,1,13,9
"경기도",여주시,113286,109,1793,1.58,0,0,0.00,4,656,48,169,-,-,4,923,29,-,-,-,22,-,-,-,2,45,-,1,9,13
"경기도",연천군,46154,33,303,0.66,0,0,0.00,-,-,15,119,-,-,1,184,9,-,-,-,8,-,-,-,-,-,1,-,7,7
"경기도",가평군,62290,60,869,1.40,0,0,0.00,3,467,22,107,-,-,2,222,16,-,2,69,15,4,-,-,-,-,-,1,5,15
"경기도",양평군,106774,95,971,0.91,0,0,0.00,3,435,35,24,-,-,7,462,22,-,1,50,27,-,-,-,-,-,-,1,10,15
"강원도",소계,1558885,1504,17702,1.14,16,5639,0.10,42,5102,716,2468,5,1165,27,3137,356,15,2,120,331,29,1,0,8,27,2,16,102,129
"강원도",춘천시,278840,295,4180,1.50,2,1002,0.07,6,1076,140,378,2,619,7,1055,78,0,1,50,56,0,0,0,3,0,0,1,10,13
"강원도",원주시,330134,391,5050,1.53,2,1086,0.06,14,1608,181,813,3,546,7,927,91,0,1,70,91,0,0,0,1,0,0,1,9,8
"강원도",강릉시,217464,219,2547,1.17,4,1594,0.18,5,514,105,184,0,0,2,240,51,15,0,0,50,0,0,0,2,0,0,1,8,9
"강원도",동해시,95203,93,1145,1.20,1,378,0.11,2,487,49,242,0,0,2,38,22,0,0,0,17,0,0,0,0,0,0,1,2,0
"강원도",태백시,48547,41,715,1.47,1,535,0.21,0,0,24,180,0,0,0,0,9,0,0,0,7,0,0,0,0,0,0,1,1,1
"강원도",속초시,83194,112,888,1.07,2,434,0.24,1,134,61,212,0,0,1,79,24,0,0,0,23,29,0,0,0,0,0,1,0,0
"강원도",삼척시,72939,51,347,0.48,1,129,0.14,1,138,27,0,0,0,1,80,10,0,0,0,11,0,0,0,0,0,0,1,8,6
"강원도",홍천군,71256,62,834,1.17,1,132,0.14,2,260,28,161,0,0,3,281,15,0,0,0,13,0,0,0,0,0,0,1,8,18
"강원도",횡성군,46007,31,247,0.54,0,0,0.00,2,218,12,29,0,0,-,-,6,0,0,0,10,0,1,0,0,0,0,1,8,8
"강원도",영월군,40451,29,442,1.09,1,210,0.25,1,71,12,56,0,0,1,78,6,0,0,0,7,0,0,0,1,27,0,1,8,5
"강원도",평창군,44050,34,124,0.28,0,0,0.00,1,28,13,28,0,0,1,68,9,0,0,0,10,0,0,0,0,0,1,0,7,15
"강원도",정선군,39752,24,372,0.94,0,0,0.00,2,310,12,62,0,0,0,0,5,0,0,0,5,0,0,0,0,0,0,1,7,11
"강원도",철원군,48198,36,449,0.93,1,139,0.21,0,0,18,93,0,0,1,217,7,0,0,0,9,0,0,0,0,0,0,1,4,7
"강원도",화천군,27351,15,8,0.03,0,0,0.00,0,0,7,8,0,0,0,0,3,0,0,0,4,0,0,0,1,0,1,0,4,6
"강원도",양구군,24144,17,168,0.70,0,0,0.00,3,168,6,0,0,0,0,0,5,0,0,0,3,0,0,0,0,0,0,1,4,3
"강원도",인제군,32808,22,186,0.57,0,0,0.00,2,90,7,22,0,0,1,74,5,0,0,0,7,0,0,0,0,0,0,1,5,5
"강원도",고성군,30760,17,0,0.00,0,0,0.00,0,0,8,0,0,0,0,0,5,0,0,0,4,0,0,0,0,0,0,1,4,9
"강원도",양양군,27787,15,0,0.00,0,0,0.00,0,0,6,0,0,0,0,0,5,0,0,0,4,0,0,0,0,0,0,1,5,5
"충청북도",소계,1609588,1632,19466,1.21,11,4294,0.07,37,4398,788,3043,6,2026,36,5338,367,0,4,250,372,30,1,0,10,87,0,14,95,158
"충청북도",청주시,841982,914,8331,0.99,6,2870,0.07,21,2055,433,1341,1,300,12,1569,218,0,2,108,213,30,1,0,7,58,0,4,15,25
"충청북도",충주시,212200,209,2694,1.27,2,774,0.09,3,393,111,635,0,0,5,791,43,0,1,72,43,0,0,0,1,29,0,1,13,16
"충청북도",제천시,138291,151,2476,1.79,2,470,0.14,1,117,79,535,1,460,5,824,27,-,1,70,34,0,0,0,1,0,0,1,8,11
"충청북도",보은군,34653,31,738,2.13,0,0,0.00,2,310,15,29,0,0,2,399,5,0,0,0,7,0,0,0,0,0,0,1,7,15
"충청북도",옥천군,53237,56,1111,2.09,1,180,0.19,0,0,27,114,1,120,3,697,11,0,0,0,13,0,0,0,0,0,0,1,8,17
"충청북도",영동군,51358,50,669,1.30,0,0,0.00,1,151,24,99,0,0,3,419,10,0,0,0,12,0,0,0,0,0,0,1,10,17
"충청북도",증평군,35358,35,71,0.20,0,0,0.00,1,69,17,2,0,0,0,0,9,0,0,0,8,0,0,0,0,0,0,1,1,1
"충청북도",진천군,69533,58,639,0.92,0,0,0.00,1,239,26,60,1,60,2,280,14,0,0,0,13,0,0,0,1,0,0,1,6,7
"충청북도",괴산군,39003,25,312,0.80,0,0,0.00,2,187,11,23,1,102,0,0,5,0,0,0,6,0,0,0,0,0,0,1,12,17
"충청북도",음성군,102796,85,2221,2.16,0,0,0.00,4,803,39,147,1,984,3,287,20,0,0,0,18,0,0,0,0,0,0,1,8,18
"충청북도",단양군,31177,18,204,0.65,0,0,0.00,1,74,6,58,0,0,1,72,5,0,0,0,5,0,0,0,0,0,0,1,7,14
"충청남도",소계,2116798,2110,27687,1.31,12,4703,0.06,40,3423,999,4075,16,4530,66,10666,489,10,3,172,485,108,-,-,-,-,2,14,151,233
"충청남도",천안시,614880,645,7420,1.21,4,2261,0.07,14,1124,302,1152,4,841,13,1854,156,10,1,98,151,80,-,-,-,-,-,2,12,18
"충청남도",공주시,115352,130,3511,3.04,1,233,0.09,1,98,67,332,2,1570,6,1250,22,-,-,-,31,28,-,-,-,-,-,1,10,18
"충청남도",보령시,106702,112,1261,1.18,1,200,0.09,3,356,54,177,1,200,3,328,21,-,-,-,29,-,-,-,-,-,-,1,10,17
"충청남도",아산시,307336,256,3188,1.04,0,0,0.00,4,389,115,402,3,919,9,1478,72,-,-,-,53,-,-,-,-,-,-,1,11,16
"충청남도",서산시,170920,143,1128,0.66,2,487,0.12,-,-,70,336,-,-,2,262,35,-,1,43,33,-,-,-,-,-,-,1,10,15
"충청남도",논산시,128077,157,3158,2.47,1,647,0.08,3,225,76,305,1,147,11,1834,29,-,-,-,36,-,-,-,-,-,-,1,13,26
"충청남도",계룡시,40713,39,196,0.48,0,0,0.00,2,153,17,43,-,-,-,-,10,-,-,-,10,-,-,-,-,-,-,1,2,-
"충청남도",당진시,167892,162,1087,0.65,1,288,0.06,4,223,80,333,-,-,2,243,43,-,-,-,32,-,-,-,-,-,-,1,11,19
"충청남도",금산군,56506,68,787,1.39,0,0,0.00,1,118,34,126,-,-,3,543,13,-,-,-,17,-,-,-,-,-,-,1,9,8
"충청남도",부여군,72800,68,1362,1.87,0,0,0.00,2,150,31,216,2,439,3,557,13,-,-,-,17,-,-,-,-,-,-,1,15,20
"충청남도",서천군,58872,68,1308,2.22,0,0,0.00,2,241,33,165,1,180,3,722,12,-,-,-,17,-,-,-,-,-,-,1,10,17
"충청남도",청양군,32761,25,220,0.67,0,0,0.00,2,128,10,-,-,-,1,92,6,-,-,-,6,-,-,-,-,-,1,-,9,13
"충청남도",홍성군,93634,88,1707,1.82,1,412,0.11,1,42,38,109,2,234,5,879,21,-,1,31,19,-,-,-,-,-,-,1,11,14
"충청남도",예산군,86640,92,765,0.88,1,175,0.12,1,176,45,198,-,-,2,216,22,-,-,-,21,-,-,-,-,-,-,1,11,16
"충청남도",태안군,63713,57,589,0.92,0,-,0.00,-,-,27,181,-,-,3,408,14,-,-,-,13,-,-,-,-,-,1,-,7,16
"전라북도",소계,1896646,2236,36428,1.92,12,5075,0.06,66,7446,1064,4073,7,2092,78,15867,504,10,23,1634,478,186,0,0,4,45,4,10,153,237
"전라북도",전주시,658570,915,15217,2.31,4,2305,0.06,35,3736,417,1373,0,0,30,6618,228,3,14,1108,186,58,0,0,1,16,0,1,3,1
"전라북도",군산시,283320,303,3846,1.36,2,648,0.07,6,794,148,620,0,0,8,1567,62,0,3,160,72,28,0,0,2,29,0,1,14,19
"전라북도",익산시,308361,343,4806,1.56,2,1055,0.06,6,453,158,831,0,0,13,2175,84,7,3,204,77,81,0,0,0,0,0,1,15,24
"전라북도",정읍시,119291,139,2054,1.72,1,250,0.08,5,476,71,242,1,98,3,988,30,0,0,0,28,0,0,0,0,0,0,1,16,26
"전라북도",남원시,86509,103,1507,1.74,1,271,0.12,1,100,58,214,1,299,3,543,19,0,1,80,19,0,0,0,0,0,0,1,15,24
"전라북도",김제시,91869,105,3284,3.57,0,0,0.00,3,240,54,266,5,1695,4,1001,18,0,2,82,19,0,0,0,0,0,0,1,14,25
"전라북도",완주군,92606,79,2299,2.48,0,0,0.00,3,953,37,109,0,0,7,1218,15,0,0,0,16,19,0,0,1,0,0,1,12,17
"전라북도",진안군,26779,23,208,0.78,0,0,0.00,1,145,13,63,0,0,0,0,4,0,0,0,5,0,0,0,0,0,0,1,10,12
"전라북도",무주군,25616,25,104,0.41,0,0,0.00,0,0,13,7,0,0,1,97,4,-,0,0,7,-,0,0,0,0,1,0,5,9
"전라북도",장수군,23706,16,40,0.17,0,0,0.00,0,0,8,40,0,0,0,0,4,0,0,0,4,0,0,0,0,0,1,0,5,11
"전라북도",임실군,30306,32,255,0.84,0,0,0.00,1,103,14,66,-,-,1,86,5,-,-,-,11,-,-,-,-,-,1,-,11,20
"전라북도",순창군,30707,26,809,2.63,0,0,0.00,1,43,14,58,-,-,1,708,5,-,-,-,5,-,-,-,-,-,1,-,10,17
"전라북도",고창군,60913,61,856,1.41,1,249,0.16,-,-,33,53,-,-,5,554,12,-,-,-,10,-,-,-,-,-,-,1,12,21
"전라북도",부안군,58093,66,1143,1.97,1,297,0.17,4,403,26,131,-,-,2,312,14,-,-,-,19,-,-,-,-,-,-,1,11,11
"전라남도",소계,1934034,1866,36070,1.87,22,7079,0.11,78,10405,888,2482,5,2228,61,12353,430,-,19,1370,348,81,5,4,10,68,3,19,213,326
"전라남도",목포시,241744,284,7587,3.14,5,1961,0.21,11,1203,134,758,1,237,11,2791,62,-,8,608,49,-,2,-,1,29,-,1,1,-
"전라남도",여수시,294459,285,3886,1.32,3,874,0.10,6,1026,139,597,-,-,6,1225,71,-,1,106,55,54,2,4,2,-,-,1,12,28
"전라남도",순천시,278899,274,5273,1.89,5,1490,0.18,16,1877,124,315,-,-,4,1139,76,-,7,452,42,-,-,-,-,-,-,1,9,22
"전라남도",나주시,92671,103,2767,2.99,1,200,0.11,7,607,49,29,-,-,6,1887,19,-,1,44,20,-,-,-,-,-,-,1,13,15
"전라남도",광양시,153670,119,872,0.57,1,163,0.07,3,310,51,107,-,-,2,232,36,-,1,60,24,-,-,-,1,-,-,1,8,14
"전라남도",담양군,48191,51,1586,3.29,0,0,0.00,2,164,23,29,2,679,4,704,10,-,-,-,9,-,-,-,1,10,-,1,11,11
"전라남도",곡성군,31084,32,402,1.29,0,0,0.00,1,114,13,38,-,-,2,250,8,-,-,-,6,-,-,-,2,-,1,-,8,15
"전라남도",구례군,27391,26,649,2.37,0,0,0.00,1,99,10,-,-,-,3,523,5,-,-,-,7,27,-,-,-,-,1,-,7,12
"전라남도",고흥군,70392,70,1406,2.00,2,406,0.28,1,130,36,53,1,700,1,117,12,-,-,-,17,-,-,-,-,-,-,1,16,26
"전라남도",보성군,46284,44,1013,2.19,0,0,0.00,2,494,22,102,-,-,3,417,8,-,-,-,9,-,-,-,-,-,-,1,10,14
"전라남도",화순군,67678,67,3701,5.47,1,684,0.15,4,1236,27,49,-,-,9,1632,15,-,1,100,10,-,-,-,-,-,-,1,12,13
"전라남도",장흥군,43683,42,348,0.80,1,200,0.23,1,148,24,-,-,-,-,-,7,-,-,-,8,-,-,-,1,-,-,1,8,11
"전라남도",강진군,40256,34,378,0.94,0,0,0.00,3,374,19,4,-,-,-,-,5,-,-,-,7,-,-,-,-,-,-,1,10,7
"전라남도",해남군,78184,71,1641,2.10,1,369,0.13,4,1091,36,16,-,-,1,165,17,-,-,-,11,-,-,-,1,-,-,1,13,18
"전라남도",영암군,63602,52,1103,1.73,0,0,0.00,3,537,22,29,-,-,2,537,13,-,-,-,12,-,-,-,-,-,-,1,10,13
"전라남도",무안군,83107,80,685,0.82,1,298,0.12,2,148,43,121,-,-,1,89,16,-,-,-,15,-,1,-,1,29,-,1,9,11
"전라남도",함평군,35724,32,303,0.85,0,0,0.00,1,76,17,53,-,-,1,174,6,-,-,-,7,-,-,-,-,-,-,1,8,16
"전라남도",영광군,57520,61,1160,2.02,1,434,0.17,1,-,32,44,1,612,1,70,14,-,-,-,11,-,-,-,-,-,-,1,7,13
"전라남도",장성군,47358,39,765,1.62,0,0,0.00,2,358,17,66,-,-,2,341,9,-,-,-,9,-,-,-,-,-,-,1,8,11
"전라남도",완도군,54323,42,135,0.25,0,0,0.00,1,120,23,15,-,-,-,-,10,-,-,-,8,-,-,-,-,-,1,-,11,18
"전라남도",진도군,33436,33,190,0.57,0,0,0.00,3,190,16,-,-,-,1,-,6,-,-,-,7,-,-,-,-,-,-,1,6,15
"전라남도",신안군,44378,25,220,0.50,0,0,0.00,3,103,11,57,-,-,1,60,5,-,-,-,5,-,-,-,-,-,-,1,16,23
"경상북도",소계,2748599,2629,40407,1.47,19,7498,0.07,67,8618,1174,2924,16,4294,106,16599,615,-,7,321,605,39,-,-,20,114,2,23,224,312
"경상북도",포항시,524276,546,7743,1.48,5,1823,0.10,11,876,244,536,1,299,24,4026,136,-,2,125,120,29,-,-,3,29,-,2,14,23
"경상북도",경주시,269930,264,4774,1.77,1,392,0.04,14,1431,103,287,1,299,15,2323,62,-,1,32,66,10,-,-,1,-,-,1,12,16
"경상북도",김천시,137158,113,2262,1.65,2,556,0.15,-,-,50,98,2,821,4,760,29,-,-,-,24,-,-,-,2,27,-,1,16,16
"경상북도",안동시,170094,177,4879,2.87,3,1941,0.18,4,427,78,142,2,427,7,1880,42,-,1,33,39,-,-,-,1,29,-,1,14,25
"경상북도",구미시,426532,407,3342,0.78,3,996,0.07,7,639,188,598,1,175,6,900,103,-,1,30,90,-,-,-,8,4,-,2,8,12
"경상북도",영주시,111628,114,2171,1.94,0,0,0.00,4,401,53,119,2,476,4,1105,25,-,1,70,25,-,-,-,-,-,-,1,10,13
"경상북도",영천시,103464,115,2086,2.02,1,200,0.10,1,351,56,151,2,959,3,394,17,-,1,31,34,-,-,-,-,-,-,1,11,13
"경상북도",상주시,103798,92,1067,1.03,2,421,0.19,-,-,44,155,1,163,2,303,21,-,-,-,21,-,-,-,1,25,-,1,18,25
"경상북도",문경시,76520,77,1174,1.53,1,640,0.13,1,98,44,88,-,-,2,348,16,-,-,-,13,-,-,-,-,-,-,1,9,13
"경상북도",경산시,261191,262,3457,1.32,1,529,0.04,4,913,126,258,-,-,13,1757,63,-,-,-,55,-,-,-,-,-,-,1,8,10
"경상북도",군위군,24731,17,79,0.32,0,0,0.00,1,79,9,0,0,0,0,0,3,0,0,0,4,0,0,0,0,0,0,1,7,10
"경상북도",의성군,55888,48,1426,2.55,0,0,0.00,4,389,17,129,3,435,5,473,9,0,0,0,10,0,0,0,0,0,0,1,17,21
"경상북도",청송군,26732,28,327,1.22,0,0,0.00,1,327,9,0,0,0,0,0,5,0,0,0,9,0,0,0,4,0,1,0,6,11
"경상북도",영양군,18408,7,50,0.27,0,0,0.00,1,50,1,0,0,0,0,0,2,0,0,0,3,0,0,0,0,0,0,1,5,8
"경상북도",영덕군,40318,39,530,1.31,0,0,0.00,1,299,16,15,0,0,2,216,9,0,0,0,11,0,0,0,0,0,0,1,8,13
"경상북도",청도군,44897,49,1045,2.33,0,0,0.00,3,676,20,55,0,0,4,314,9,0,0,0,13,0,0,0,0,0,0,1,8,10
"경상북도",고령군,36853,32,313,0.85,0,0,0.00,1,79,12,51,0,0,2,183,9,0,0,0,8,0,0,0,0,0,0,1,7,10
"경상북도",성주군,46509,44,777,1.67,0,0,0.00,2,170,19,60,0,0,4,547,9,0,0,0,10,0,0,0,0,0,0,1,9,11
"경상북도",칠곡군,126092,92,1692,1.34,0,0,0.00,3,1004,47,81,1,240,3,367,21,0,0,0,17,0,0,0,0,0,0,1,7,10
"경상북도",예천군,45559,39,576,1.26,0,0,0.00,1,181,15,29,0,0,2,366,10,0,0,0,11,0,0,0,0,0,0,1,10,16
"경상북도",봉화군,34308,20,243,0.71,0,0,0.00,1,98,7,0,0,0,1,145,4,0,0,0,7,0,0,0,0,0,0,1,9,7
"경상북도",울진군,53318,43,332,0.62,0,0,0.00,2,130,15,52,0,0,2,150,10,0,0,0,14,0,0,0,0,0,0,1,9,16
"경상북도",울릉군,10395,4,62,0.60,0,0,0.00,0,0,1,20,0,0,1,42,1,0,0,0,1,0,0,0,0,0,1,0,2,3
"경상남도",소계,3428035,3342,55974,1.63,24,8845,0.07,119,15395,1488,3978,26,8264,102,19104,814,30,4,253,754,84,1,1,10,20,0,0,0,0
"경상남도",창원시,1091513,1197,18639,1.71,10,3530,0.09,39,4471,524,1332,6,1775,34,7451,301,0,1,50,275,27,1,1,6,2,-,-,-,-
"경상남도",진주시,344547,362,5026,1.46,3,1403,0.09,9,1085,167,389,3,879,4,1218,99,0,1,52,76,-,-,-,-,-,-,-,-,-
"경상남도",통영시,143545,146,1854,1.29,0,0,0.00,8,1049,76,208,1,299,1,280,31,0,-,-,28,-,-,-,1,18,-,-,-,-
"경상남도",사천시,119639,114,2795,2.34,0,0,0.00,7,1325,46,78,2,649,4,743,26,0,-,-,29,-,-,-,-,-,-,-,-,-
"경상남도",김해시,544972,494,9344,1.71,4,1216,0.07,24,2680,211,747,2,540,28,4113,122,0,-,-,103,48,-,-,-,-,-,-,-,-
"경상남도",밀양시,109547,108,2177,1.99,1,298,0.09,6,952,47,108,0,0,5,769,24,0,1,50,24,0,-,-,0,-,-,-,-,-
"경상남도",거제시,262011,211,2192,0.84,3,732,0.11,5,480,94,302,2,379,1,299,57,0,-,-,46,-,-,-,3,-,-,-,-,-
"경상남도",양산시,297607,265,6852,2.30,3,1666,0.10,2,81,123,441,6,2325,13,2199,59,30,1,101,58,9,-,-,-,-,-,-,-,-
"경상남도",의령군,30014,28,888,2.96,0,0,0.00,1,88,11,29,2,464,2,307,5,0,-,-,7,-,-,-,-,-,-,-,-,-
"경상남도",함안군,72330,54,985,1.36,0,0,0.00,3,480,24,33,0,0,2,472,12,0,-,-,13,-,-,-,-,-,-,-,-,-
"경상남도",창녕군,65376,61,2093,3.20,0,0,0.00,3,658,27,53,1,650,4,732,11,0,-,-,15,-,-,-,-,-,-,-,-,-
"경상남도",고성군,57659,50,910,1.58,0,0,0.00,3,685,22,29,0,0,1,196,10,0,-,-,14,-,-,-,-,-,-,-,-,-
"경상남도",남해군,47402,43,282,0.59,0,0,0.00,1,135,22,52,0,0,1,95,9,0,-,-,10,-,-,-,-,-,-,-,-,-
"경상남도",하동군,49783,39,545,1.09,0,0,0.00,1,183,20,58,1,304,0,0,9,0,-,-,8,-,-,-,-,-,-,-,-,-
"경상남도",산청군,36363,26,0,0.00,0,0,0.00,-,-,11,-,-,-,0,0,5,0,-,-,10,-,-,-,-,-,-,-,-,-
"경상남도",함양군,41070,40,127,0.31,0,0,0.00,1,69,21,58,-,-,0,0,9,0,-,-,9,-,-,-,-,-,-,-,-,-
"경상남도",거창군,63622,60,583,0.92,0,0,0.00,3,295,25,58,-,-,2,230,15,0,-,-,15,-,-,-,-,-,-,-,-,-
"경상남도",합천군,51035,44,682,1.34,0,0,0.00,3,679,17,3,-,-,-,-,10,0,-,-,14,-,-,-,-,-,-,-,-,-
"제주특별자치도",소계,621550,697,4705,0.76,7,2363,0.11,6,698,349,604,0,0,8,1036,166,0,0,0,160,0,1,4,0,0,0,6,11,49
"제주특별자치도",제주시,458325,548,4142,0.90,6,2133,0.13,3,521,271,517,0,0,7,967,137,0,0,0,123,0,1,4,0,0,0,3,7,23
"제주특별자치도",서귀포시,163225,149,563,0.34,1,230,0.06,3,177,78,87,0,0,1,69,29,0,0,0,37,0,0,0,0,0,0,3,4,26
