"시도별(1)","연령별(1)","성별(1)",중위 추계(기본 추계: 출산율-중위 / 기대수명-중위 / 국제이동-중위 / 국내이동-중위),중위 추계(기본 추계: 출산율-중위 / 기대수명-중위 / 국제이동-중위 / 국내이동-중위),중위 추계(기본 추계: 출산율-중위 / 기대수명-중위 / 국제이동-중위 / 국내이동-중위),중위 추계(기본 추계: 출산율-중위 / 기대수명-중위 / 국제이동-중위 / 국내이동-중위),중위 추계(기본 추계: 출산율-중위 / 기대수명-중위 / 국제이동-중위 / 국내이동-중위),중위 추계(기본 추계: 출산율-중위 / 기대수명-중위 / 국제이동-중위 / 국내이동-중위),중위 추계(기본 추계: 출산율-중위 / 기대수명-중위 / 국제이동-중위 / 국내이동-중위)
"시도별(1)","연령별(1)","성별(1)",2011,2012,2013,2014,2015,2016,2017
"전국","계","남자",25069867,25187380,25285319,25445077,25585894,25670949,25736793
"전국","계","여자",24866771,25012473,25143574,25301582,25429053,25546854,25625118
"전국","0 - 4세","남자",1193656,1200629,1188302,1179604,1175609,1148547,1102364
"전국","0 - 4세","여자",1121917,1130292,1121025,1115412,1114488,1091563,1048855
"전국","5 - 9세","남자",1214418,1180798,1179593,1163582,1161732,1183575,1188607
"전국","5 - 9세","여자",1121978,1096153,1100229,1088920,1089368,1113571,1120380
"전국","10 - 14세","남자",1630159,1550478,1464013,1389826,1294946,1209141,1173575
"전국","10 - 14세","여자",1489332,1418881,1339075,1276349,1193740,1118166,1090502
"전국","15 - 19세","남자",1842937,1821485,1779769,1728466,1684718,1632747,1554471
"전국","15 - 19세","여자",1625599,1614091,1593281,1561263,1537550,1499457,1427984
"전국","20 - 24세","남자",1678222,1734689,1794501,1844096,1877884,1903218,1882066
"전국","20 - 24세","여자",1497451,1534260,1576405,1613309,1634084,1656631,1647591
"전국","25 - 29세","남자",1909497,1808875,1734720,1714497,1730403,1739228,1791765
"전국","25 - 29세","여자",1755305,1655989,1580535,1544633,1539051,1540583,1576396
"전국","30 - 34세","남자",2049481,2094985,2111042,2096735,2015092,1922760,1825165
"전국","30 - 34세","여자",1917946,1963703,1975213,1948719,1856510,1765495,1666377
"전국","35 - 39세","남자",2181088,2101052,2028863,1982864,2004556,2044466,2089929
"전국","35 - 39세","여자",2060239,1986641,1920853,1871522,1887544,1920219,1964371
"전국","40 - 44세","남자",2240870,2279295,2305325,2286346,2248961,2160777,2083256
"전국","40 - 44세","여자",2168151,2204694,2222650,2193282,2149420,2069252,1995148
"전국","45 - 49세","남자",2133627,2124531,2089888,2169125,2199587,2241597,2278705
"전국","45 - 49세","여자",2057463,2048855,2035425,2125961,2154449,2200173,2228237
"전국","50 - 54세","남자",2085550,2136013,2190098,2180821,2165419,2112259,2107628
"전국","50 - 54세","여자",2078358,2127006,2174567,2153964,2123620,2058038,2056212
"전국","55 - 59세","남자",1519137,1608745,1719950,1841582,1932408,2054239,2102223
"전국","55 - 59세","여자",1546118,1633180,1737360,1857434,1951809,2080676,2123676
"전국","60 - 64세","남자",1126838,1164089,1195750,1243960,1345931,1466124,1554982
"전국","60 - 64세","여자",1176122,1213715,1247802,1297261,1404900,1528218,1615386
"전국","65 - 69세","남자",863928,883241,908072,958234,1009632,1059400,1098706
"전국","65 - 69세","여자",982408,991450,1006436,1047495,1095999,1150604,1187813
"전국","70 - 74세","남자",689761,733285,775208,783053,796175,780645,800334
"전국","70 - 74세","여자",897257,940767,979241,980699,983369,948477,956466
"전국","75 - 79세","남자",422066,454917,485151,518840,546349,573514,620799
"전국","75 - 79세","여자",679260,712482,743323,779558,804154,826652,873516
"전국","80세이상","남자",288632,310273,335074,363446,396492,438712,482218
"전국","80세이상","여자",691867,740314,790154,845801,908998,979079,1046208
"전국","80 - 84세","남자",189129,204670,222240,241136,266996,299295,328523
"전국","80 - 84세","여자",410686,438974,465166,491882,526920,567927,601756
"전국","85 - 89세","남자",76453,79849,83433,90390,96002,104270,115958
"전국","85 - 89세","여자",198879,210619,221824,244965,267549,287025,309209
"전국","90 - 94세","남자",19834,22157,25415,27414,28260,29319,30906
"전국","90 - 94세","여자",66212,72887,84211,88979,92698,99590,107174
"전국","95 - 99세","남자",2917,3268,3632,4108,4790,5352,6289
"전국","95 - 99세","여자",14049,15652,16689,17537,19133,21534,24744
"전국","100세 이상","남자",299,329,354,398,444,476,542
"전국","100세 이상","여자",2041,2182,2264,2438,2698,3003,3325
"서울특별시","계","남자",4977967,4951465,4918124,4904120,4881464,4820273,4772820
"서울특별시","계","여자",5094268,5084808,5071886,5071043,5059698,5022228,4993579
"서울특별시","0 - 4세","남자",212233,212515,208920,206785,205349,197425,186334
"서울특별시","0 - 4세","여자",202339,202215,198881,196310,194605,188049,178082
"서울특별시","5 - 9세","남자",209037,201845,199708,194338,191566,191285,188052
"서울특별시","5 - 9세","여자",195187,189163,187357,182938,180786,181287,178245
"서울특별시","10 - 14세","남자",278627,262408,245319,231871,215202,199316,191620
"서울특별시","10 - 14세","여자",256927,242212,227111,215645,201343,186800,179784
"서울특별시","15 - 19세","남자",333003,323891,311407,297610,285000,272466,257176
"서울특별시","15 - 19세","여자",304342,299613,292612,283970,274250,265092,251572
"서울특별시","20 - 24세","남자",342020,343886,347198,350757,352586,350200,341868
"서울특별시","20 - 24세","여자",348839,347712,349633,354288,358686,361795,360801
"서울특별시","25 - 29세","남자",451189,421888,398299,385578,380598,373636,379973
"서울특별시","25 - 29세","여자",462591,435116,412140,397664,389798,384134,389787
"서울특별시","30 - 34세","남자",466134,473095,472819,465242,441482,413367,389712
"서울특별시","30 - 34세","여자",451413,461510,462982,455738,431869,409130,387802
"서울특별시","35 - 39세","남자",452059,430609,411016,399158,399726,402714,407881
"서울특별시","35 - 39세","여자",429041,411903,396906,387147,389940,393548,398336
"서울특별시","40 - 44세","남자",433076,441793,445806,440853,429538,406480,385010
"서울특별시","40 - 44세","여자",433399,440659,443116,436197,424056,402056,382798
"서울특별시","45 - 49세","남자",405179,400119,389643,399876,404836,411275,417339
"서울특별시","45 - 49세","여자",416322,409580,400949,412027,415184,422676,427313
"서울특별시","50 - 54세","남자",408920,409258,410790,405130,398053,383625,376321
"서울특별시","50 - 54세","여자",445934,443084,441625,431365,418106,397786,390918
"서울특별시","55 - 59세","남자",320455,332996,348005,364078,371417,380733,378983
"서울특별시","55 - 59세","여자",347637,363296,380168,397253,406439,418086,413227
"서울특별시","60 - 64세","남자",241772,245233,249221,256601,273142,290453,301591
"서울특별시","60 - 64세","여자",257419,262602,268372,277897,298770,319969,333766
"서울특별시","65 - 69세","남자",184007,187985,192352,200870,208976,213363,214892
"서울특별시","65 - 69세","여자",193554,201684,210183,220872,231968,237738,240278
"서울특별시","70 - 74세","남자",128082,140773,152418,156566,160985,157597,160942
"서울특별시","70 - 74세","여자",147356,158855,170065,175520,180882,178461,184963
"서울특별시","75 - 79세","남자",67326,74531,81924,90397,97899,104472,115402
"서울특별시","75 - 79세","여자",98675,105706,112498,120785,127529,132857,143064
"서울특별시","80세이상","남자",44848,48640,53279,58410,65109,71866,79724
"서울특별시","80세이상","여자",103293,109898,117288,125427,135487,142764,152843
"서울특별시","80 - 84세","남자",28944,31717,35077,38337,43318,48815,54287
"서울특별시","80 - 84세","여자",59996,63589,67324,71061,76942,82065,87950
"서울특별시","85 - 89세","남자",11866,12391,12993,14385,15771,16985,18978
"서울특별시","85 - 89세","여자",29965,31849,33759,37186,40561,41971,44451
"서울특별시","90 - 94세","남자",3396,3826,4434,4816,4970,4920,5170
"서울특별시","90 - 94세","여자",10544,11399,12996,13839,14478,14964,16182
"서울특별시","95 - 99세","남자",572,629,693,779,949,1048,1170
"서울특별시","95 - 99세","여자",2444,2700,2842,2946,3059,3267,3721
"서울특별시","100세 이상","남자",70,77,82,93,101,98,119
"서울특별시","100세 이상","여자",344,361,367,395,447,497,539
"부산광역시","계","남자",1719138,1711058,1706570,1704522,1703339,1697939,1685161
"부산광역시","계","여자",1757211,1750823,1749164,1747787,1748921,1749023,1739248
"부산광역시","0 - 4세","남자",67420,68182,68310,68602,69099,68469,65535
"부산광역시","0 - 4세","여자",63531,64405,64565,64663,65648,64639,62021
"부산광역시","5 - 9세","남자",69491,66875,66491,65207,65298,67150,67663
"부산광역시","5 - 9세","여자",64595,62140,62134,61238,61355,63379,64088
"부산광역시","10 - 14세","남자",102123,94885,88231,82734,76217,70092,67200
"부산광역시","10 - 14세","여자",90964,84940,79420,75242,70040,64898,62320
"부산광역시","15 - 19세","남자",129681,126079,120752,114984,109724,104349,97517
"부산광역시","15 - 19세","여자",110961,109348,107014,103434,99368,95637,90229
"부산광역시","20 - 24세","남자",123212,125115,128802,131259,132666,131718,128267
"부산광역시","20 - 24세","여자",109926,109965,111299,112644,114668,115056,113523
"부산광역시","25 - 29세","남자",128850,120293,113809,110651,111552,110960,113840
"부산광역시","25 - 29세","여자",121130,112159,105881,102123,101531,100840,102360
"부산광역시","30 - 34세","남자",130977,134522,135049,133122,126135,118701,109978
"부산광역시","30 - 34세","여자",125882,128831,128968,125704,118676,110730,102692
"부산광역시","35 - 39세","남자",132215,127488,123801,121737,124701,128651,130770
"부산광역시","35 - 39세","여자",128860,123111,118910,116055,118071,121410,123899
"부산광역시","40 - 44세","남자",138752,139803,140641,139049,136553,131362,125787
"부산광역시","40 - 44세","여자",144019,143994,142996,139724,135681,129287,123028
"부산광역시","45 - 49세","남자",141299,137131,132171,135775,136830,137803,138821
"부산광역시","45 - 49세","여자",150045,145175,140594,143984,144219,144843,143636
"부산광역시","50 - 54세","남자",158049,156725,156279,150664,144430,137216,133268
"부산광역시","50 - 54세","여자",171945,171429,170830,164082,156086,146452,142132
"부산광역시","55 - 59세","남자",129318,133744,139164,144620,146168,150599,149286
"부산광역시","55 - 59세","여자",137145,142800,148846,156233,159664,165770,165025
"부산광역시","60 - 64세","남자",98407,101411,103361,105705,112213,119451,124030
"부산광역시","60 - 64세","여자",103844,107680,110572,113069,120946,130331,135784
"부산광역시","65 - 69세","남자",72169,73677,75541,79645,83640,88451,91426
"부산광역시","65 - 69세","여자",78571,79889,82333,87203,92223,98352,101949
"부산광역시","70 - 74세","남자",52225,56329,61112,62512,64108,62658,64400
"부산광역시","70 - 74세","여자",65662,69622,74020,74996,76131,73065,74756
"부산광역시","75 - 79세","남자",28316,30741,33206,36302,39316,42476,46324
"부산광역시","75 - 79세","여자",45689,47925,50352,53613,56420,59790,63359
"부산광역시","80세이상","남자",16634,18058,19850,21954,24689,27833,31049
"부산광역시","80세이상","여자",44442,47410,50430,53780,58194,64544,68447
"부산광역시","80 - 84세","남자",11498,12606,13835,15249,17411,19677,21875
"부산광역시","80 - 84세","여자",27530,29161,30343,31688,34237,37685,39703
"부산광역시","85 - 89세","남자",4083,4227,4566,5151,5579,6324,7167
"부산광역시","85 - 89세","여자",12430,13318,14395,16043,17405,19075,20347
"부산광역시","90 - 94세","남자",929,1081,1284,1372,1459,1561,1674
"부산광역시","90 - 94세","여자",3659,4012,4737,5069,5422,6419,6832
"부산광역시","95 - 99세","남자",113,131,150,166,223,253,318
"부산광역시","95 - 99세","여자",727,819,844,857,991,1209,1393
"부산광역시","100세 이상","남자",11,13,15,16,17,18,15
"부산광역시","100세 이상","여자",96,100,111,123,139,156,172
"대구광역시","계","남자",1238666,1236441,1232859,1232587,1230092,1223929,1220800
"대구광역시","계","여자",1244450,1244052,1242798,1242313,1238663,1237343,1236969
"대구광역시","0 - 4세","남자",54413,54634,53656,52947,52568,51275,49550
"대구광역시","0 - 4세","여자",50378,50800,50158,49990,49907,49115,47455
"대구광역시","5 - 9세","남자",60033,57438,56464,54917,54090,54537,54796
"대구광역시","5 - 9세","여자",53916,52144,51834,50762,50183,50948,51438
"대구광역시","10 - 14세","남자",86697,81407,76191,71781,66043,60711,58029
"대구광역시","10 - 14세","여자",76231,71774,67161,63775,58878,54250,52534
"대구광역시","15 - 19세","남자",101663,99444,96393,92444,89184,84786,79784
"대구광역시","15 - 19세","여자",84326,83947,83053,80821,78948,75943,71455
"대구광역시","20 - 24세","남자",91749,94300,96711,98607,98993,98474,95611
"대구광역시","20 - 24세","여자",74076,75373,77078,78772,80002,80546,80061
"대구광역시","25 - 29세","남자",87499,83245,80025,79661,80695,81004,84132
"대구광역시","25 - 29세","여자",83101,76299,70437,67386,66593,66542,68977
"대구광역시","30 - 34세","남자",91272,91847,91401,89908,85722,81400,77698
"대구광역시","30 - 34세","여자",91115,92367,91981,89210,82539,76654,71237
"대구광역시","35 - 39세","남자",101038,96973,92597,89642,89368,89994,90429
"대구광역시","35 - 39세","여자",102793,97950,93161,89317,88462,89144,90028
"대구광역시","40 - 44세","남자",110784,110686,109885,107735,104894,100226,96289
"대구광역시","40 - 44세","여자",114730,115086,114523,111822,108075,102920,98135
"대구광역시","45 - 49세","남자",108832,107427,105602,108539,109491,110145,110279
"대구광역시","45 - 49세","여자",110645,109521,108561,112216,113191,114125,114406
"대구광역시","50 - 54세","남자",106032,108374,111127,110064,108223,104708,103726
"대구광역시","50 - 54세","여자",108595,111163,114309,113164,110672,107298,106781
"대구광역시","55 - 59세","남자",77712,81431,85258,90745,94914,100484,103134
"대구광역시","55 - 59세","여자",82068,85393,88214,93554,98261,104659,107196
"대구광역시","60 - 64세","남자",57315,60066,62089,63519,67415,72560,75882
"대구광역시","60 - 64세","여자",61730,64617,67277,68545,73192,78811,81751
"대구광역시","65 - 69세","남자",41161,41523,42612,45294,48511,51824,54859
"대구광역시","65 - 69세","여자",48412,48690,49407,51943,54476,58816,62079
"대구광역시","70 - 74세","남자",31988,34248,36766,37544,37754,36167,36652
"대구광역시","70 - 74세","여자",43086,45434,47878,48708,48504,45613,46124
"대구광역시","75 - 79세","남자",19061,20752,22142,23841,24963,26286,28651
"대구광역시","75 - 79세","여자",30883,32647,34457,36309,37798,39371,41663
"대구광역시","80세이상","남자",11417,12646,13940,15399,17264,19348,21299
"대구광역시","80세이상","여자",28365,30847,33309,36019,38982,42588,45649
"대구광역시","80 - 84세","남자",7809,8670,9581,10650,12280,13849,15025
"대구광역시","80 - 84세","여자",17561,19045,20384,21910,23763,25944,27452
"대구광역시","85 - 89세","남자",2883,3141,3399,3692,3857,4267,4885
"대구광역시","85 - 89세","여자",7851,8478,9190,10098,10889,11944,13038
"대구광역시","90 - 94세","남자",630,732,844,918,965,1054,1174
"대구광역시","90 - 94세","여자",2388,2706,3083,3322,3553,3823,4184
"대구광역시","95 - 99세","남자",89,97,108,130,151,167,198
"대구광역시","95 - 99세","여자",496,546,578,610,689,773,863
"대구광역시","100세 이상","남자",6,6,8,9,11,11,17
"대구광역시","100세 이상","여자",69,72,74,79,88,104,112
"인천광역시","계","남자",1394025,1411329,1427323,1442354,1451459,1463157,1470977
"인천광역시","계","여자",1360714,1382425,1402285,1419887,1431409,1444209,1452882
"인천광역시","0 - 4세","남자",68215,69866,70088,70019,69984,68455,65298
"인천광역시","0 - 4세","여자",64151,66013,66280,66210,66351,65041,62361
"인천광역시","5 - 9세","남자",67743,66883,67947,67721,68011,69960,70097
"인천광역시","5 - 9세","여자",63369,62746,63921,63913,64577,66228,66623
"인천광역시","10 - 14세","남자",91026,86629,82155,78150,73011,68769,67198
"인천광역시","10 - 14세","여자",83875,80071,76096,72981,68401,64666,63208
"인천광역시","15 - 19세","남자",104904,103357,100193,96728,93327,90249,85950
"인천광역시","15 - 19세","여자",94620,92758,90116,87762,86519,84015,80210
"인천광역시","20 - 24세","남자",93798,97832,102299,104918,106460,106923,105527
"인천광역시","20 - 24세","여자",85404,89122,93010,95097,94641,94868,93575
"인천광역시","25 - 29세","남자",108635,103168,99783,99262,99917,101485,106000
"인천광역시","25 - 29세","여자",99772,95442,92221,90980,91708,92594,96086
"인천광역시","30 - 34세","남자",118386,122970,125199,124863,119633,114543,108764
"인천광역시","30 - 34세","여자",107609,112789,115425,115375,109958,104918,99142
"인천광역시","35 - 39세","남자",125907,122691,119891,118269,120162,123732,127309
"인천광역시","35 - 39세","여자",116828,113609,111141,109304,110901,114492,117552
"인천광역시","40 - 44세","남자",129009,131329,133590,133088,131091,126963,122801
"인천광역시","40 - 44세","여자",126752,128643,129764,127622,124852,120345,116108
"인천광역시","45 - 49세","남자",129126,127486,124003,127097,127358,129649,131724
"인천광역시","45 - 49세","여자",125674,124990,123753,128522,128630,130712,131786
"인천광역시","50 - 54세","남자",123394,128484,133030,132909,131465,127652,126347
"인천광역시","50 - 54세","여자",118151,123974,128889,129400,129084,126237,125907
"인천광역시","55 - 59세","남자",80637,87658,95946,105142,112550,121944,126176
"인천광역시","55 - 59세","여자",78232,85220,93677,102755,110066,119335,124065
"인천광역시","60 - 64세","남자",55109,57538,60245,63792,70135,78396,84852
"인천광역시","60 - 64세","여자",54563,56905,59615,63432,70659,79130,85764
"인천광역시","65 - 69세","남자",39714,41938,44212,47191,50709,53003,55256
"인천광역시","65 - 69세","여자",43812,45579,47233,50057,53210,55550,57298
"인천광역시","70 - 74세","남자",28776,31360,33848,35188,36677,37017,38957
"인천광역시","70 - 74세","여자",38330,40677,42999,43422,44325,43971,45622
"인천광역시","75 - 79세","남자",17203,18753,20366,22200,23554,24972,27476
"인천광역시","75 - 79세","여자",29110,30798,32500,34478,35629,36906,39234
"인천광역시","80세이상","남자",12443,13387,14528,15817,17415,19445,21245
"인천광역시","80세이상","여자",30462,33089,35645,38577,41898,45201,48341
"인천광역시","80 - 84세","남자",7795,8525,9363,10142,11335,12925,14206
"인천광역시","80 - 84세","여자",17951,19440,20780,22043,23717,25574,27161
"인천광역시","85 - 89세","남자",3462,3558,3630,4000,4315,4684,5135
"인천광역시","85 - 89세","여자",8900,9547,10216,11472,12589,13572,14532
"인천광역시","90 - 94세","남자",1022,1117,1326,1425,1446,1482,1509
"인천광역시","90 - 94세","여자",2960,3343,3786,4126,4496,4823,5263
"인천광역시","95 - 99세","남자",147,168,188,227,295,317,360
"인천광역시","95 - 99세","여자",570,666,761,826,967,1091,1229
"인천광역시","100세 이상","남자",17,19,21,23,24,37,35
"인천광역시","100세 이상","여자",81,93,102,110,129,141,156
"광주광역시","계","남자",748229,748890,748772,749276,750248,747452,744386
"광주광역시","계","여자",753822,754868,755063,755306,755658,754673,751006
"광주광역시","0 - 4세","남자",38693,38147,37387,36639,35969,34821,32961
"광주광역시","0 - 4세","여자",36039,35605,34934,34197,33753,32841,31068
"광주광역시","5 - 9세","남자",41517,40247,39776,38704,38439,38644,38256
"광주광역시","5 - 9세","여자",38192,36972,36631,36121,35748,36051,35757
"광주광역시","10 - 14세","남자",58096,55016,51657,48937,45228,41560,39893
"광주광역시","10 - 14세","여자",53552,50668,47509,44911,41565,38323,36783
"광주광역시","15 - 19세","남자",63308,62753,61831,60063,58858,56552,53550
"광주광역시","15 - 19세","여자",58412,58626,58434,57223,55523,53463,50756
"광주광역시","20 - 24세","남자",53384,55156,57441,59437,60684,61679,62193
"광주광역시","20 - 24세","여자",51957,52424,53274,54883,56809,57052,57213
"광주광역시","25 - 29세","남자",58394,54429,50683,48680,48744,48174,49866
"광주광역시","25 - 29세","여자",55901,52063,48809,46338,45596,44575,45498
"광주광역시","30 - 34세","남자",60676,61531,61713,60695,57785,54083,49929
"광주광역시","30 - 34세","여자",59784,60726,60578,58658,55100,51463,47143
"광주광역시","35 - 39세","남자",64982,63396,61221,59349,59272,59224,59244
"광주광역시","35 - 39세","여자",64086,62237,59894,58162,58365,58695,58907
"광주광역시","40 - 44세","남자",67135,68139,68826,68398,67526,64223,62346
"광주광역시","40 - 44세","여자",66649,67750,68749,68065,66831,63905,61762
"광주광역시","45 - 49세","남자",60933,61545,61364,64348,65707,66878,67392
"광주광역시","45 - 49세","여자",59981,60506,60573,63796,65109,66251,67229
"광주광역시","50 - 54세","남자",56630,58163,60002,59917,59321,59097,59919
"광주광역시","50 - 54세","여자",57797,59242,60504,59645,58636,58119,58993
"광주광역시","55 - 59세","남자",38481,40357,43401,47001,50141,53976,55274
"광주광역시","55 - 59세","여자",39750,41729,44865,48491,51687,55731,56828
"광주광역시","60 - 64세","남자",30500,31054,31213,31613,33632,35865,37568
"광주광역시","60 - 64세","여자",32491,33032,33174,33799,35972,37970,39783
"광주광역시","65 - 69세","남자",22564,23334,24021,25510,26742,28084,28552
"광주광역시","65 - 69세","여자",24994,25675,26580,28172,29483,31317,31744
"광주광역시","70 - 74세","남자",16574,18103,19398,19663,20226,20429,20918
"광주광역시","70 - 74세","여자",21606,23007,24097,24266,24743,24296,24668
"광주광역시","75 - 79세","남자",9705,10400,11251,12174,12861,13814,15313
"광주광역시","75 - 79세","여자",15798,16608,17445,18274,18960,20060,21458
"광주광역시","80세이상","남자",6657,7120,7587,8148,9113,10349,11212
"광주광역시","80세이상","여자",16833,17998,19013,20305,21778,24561,25416
"광주광역시","80 - 84세","남자",4515,4846,5098,5445,6139,7033,7610
"광주광역시","80 - 84세","여자",9863,10543,11089,11645,12380,13698,14311
"광주광역시","85 - 89세","남자",1710,1785,1921,2076,2331,2551,2785
"광주광역시","85 - 89세","여자",4828,5106,5182,5814,6529,7548,7591
"광주광역시","90 - 94세","남자",375,429,501,550,551,672,709
"광주광역시","90 - 94세","여자",1705,1880,2233,2301,2289,2617,2773
"광주광역시","95 - 99세","남자",55,57,63,74,87,87,102
"광주광역시","95 - 99세","여자",370,400,445,473,500,615,654
"광주광역시","100세 이상","남자",2,3,4,3,5,6,6
"광주광역시","100세 이상","여자",67,69,64,72,80,83,87
"대전광역시","계","남자",769470,774514,776298,779597,774512,771514,766620
"대전광역시","계","여자",758886,765622,768934,773095,767882,764655,761164
"대전광역시","0 - 4세","남자",38691,39378,38857,38379,37323,35877,33797
"대전광역시","0 - 4세","여자",36100,36477,36241,36271,35226,33644,32048
"대전광역시","5 - 9세","남자",40370,39453,39461,38855,37684,37433,36956
"대전광역시","5 - 9세","여자",37280,36956,37018,36290,35545,35399,34669
"대전광역시","10 - 14세","남자",53987,51178,48215,45900,42514,39344,37662
"대전광역시","10 - 14세","여자",49409,46818,44212,42318,39288,36275,35166
"대전광역시","15 - 19세","남자",63658,63744,62957,61805,59904,57517,54744
"대전광역시","15 - 19세","여자",55987,56775,57143,56625,54562,52690,49616
"대전광역시","20 - 24세","남자",62593,63813,65398,67392,68794,69559,68646
"대전광역시","20 - 24세","여자",55595,55897,56176,57294,59408,60179,60589
"대전광역시","25 - 29세","남자",61173,58615,56378,54985,54963,55853,57329
"대전광역시","25 - 29세","여자",56069,53275,50807,49186,47429,47197,48404
"대전광역시","30 - 34세","남자",60819,62363,62350,61716,58114,55520,52747
"대전광역시","30 - 34세","여자",60241,61792,61627,60377,56262,52411,48872
"대전광역시","35 - 39세","남자",65934,63886,61601,59436,58471,58460,58820
"대전광역시","35 - 39세","여자",64702,63110,61126,59443,58356,58146,58438
"대전광역시","40 - 44세","남자",67765,69092,69801,69303,67035,63741,60585
"대전광역시","40 - 44세","여자",68055,69592,70047,68856,66601,63715,61032
"대전광역시","45 - 49세","남자",63346,62712,61961,64943,65301,66882,67330
"대전광역시","45 - 49세","여자",62344,61704,61827,65669,65795,67498,67977
"대전광역시","50 - 54세","남자",61856,63233,64380,63799,62728,59757,59188
"대전광역시","50 - 54세","여자",61759,63606,64858,63888,62807,59337,58670
"대전광역시","55 - 59세","남자",43674,46707,50026,53045,55231,58695,59423
"대전광역시","55 - 59세","여자",43284,46316,49732,53166,55772,59781,60980
"대전광역시","60 - 64세","남자",30357,31750,32951,34383,37181,40522,43119
"대전광역시","60 - 64세","여자",30438,32030,33257,34969,38123,41737,44165
"대전광역시","65 - 69세","남자",21860,22536,23358,24865,26526,27896,29102
"대전광역시","65 - 69세","여자",24103,24512,24990,26337,27898,29549,30759
"대전광역시","70 - 74세","남자",16308,17623,18677,19271,19848,19799,20167
"대전광역시","70 - 74세","여자",20844,22172,23275,23561,24053,23503,23539
"대전광역시","75 - 79세","남자",9962,10852,11681,12493,13132,13755,15161
"대전광역시","75 - 79세","여자",16061,16865,17601,18435,18912,19477,20811
"대전광역시","80세이상","남자",7117,7579,8246,9027,9763,10904,11844
"대전광역시","80세이상","여자",16615,17725,18997,20410,21845,24117,25429
"대전광역시","80 - 84세","남자",4589,4892,5357,5875,6487,7322,7949
"대전광역시","80 - 84세","여자",9758,10410,11133,11770,12587,13866,14401
"대전광역시","85 - 89세","남자",1904,1995,2116,2328,2417,2648,2878
"대전광역시","85 - 89세","여자",4908,5164,5394,5976,6454,7116,7647
"대전광역시","90 - 94세","남자",534,587,655,695,703,767,836
"대전광역시","90 - 94세","여자",1537,1692,1983,2158,2261,2513,2695
"대전광역시","95 - 99세","남자",84,97,108,118,141,152,159
"대전광역시","95 - 99세","여자",350,392,423,439,466,523,595
"대전광역시","100세 이상","남자",6,8,10,11,15,15,22
"대전광역시","100세 이상","여자",62,67,64,67,77,99,91
"울산광역시","계","남자",578008,584553,591049,598273,605412,605913,600998
"울산광역시","계","여자",534071,540106,546423,552898,558307,560289,557789
"울산광역시","0 - 4세","남자",29760,30148,30255,30408,30806,30171,28791
"울산광역시","0 - 4세","여자",27365,27843,28236,28640,29025,28533,27331
"울산광역시","5 - 9세","남자",29451,28774,28832,28800,29059,29910,30036
"울산광역시","5 - 9세","여자",26388,25978,26306,26371,26735,27574,27744
"울산광역시","10 - 14세","남자",42070,39545,36745,34455,31798,29384,28531
"울산광역시","10 - 14세","여자",36967,35044,32512,30656,28257,26403,25641
"울산광역시","15 - 19세","남자",47663,47205,46078,44308,42613,40613,37555
"울산광역시","15 - 19세","여자",37528,37169,36244,35115,34857,33248,31200
"울산광역시","20 - 24세","남자",36628,40079,43259,45163,46289,46328,44891
"울산광역시","20 - 24세","여자",26497,28421,31268,33196,33206,33069,32252
"울산광역시","25 - 29세","남자",41421,39604,38920,40171,42747,43377,43114
"울산광역시","25 - 29세","여자",35948,33709,32010,31584,32417,32782,32897
"울산광역시","30 - 34세","남자",48698,50526,51446,51455,49827,47244,43808
"울산광역시","30 - 34세","여자",42491,44198,45080,44910,42919,40609,37341
"울산광역시","35 - 39세","남자",49529,48047,47297,47279,48848,50339,51302
"울산광역시","35 - 39세","여자",47749,45546,43947,43002,43596,44645,45898
"울산광역시","40 - 44세","남자",54887,54694,54295,53096,51946,49700,47786
"울산광역시","40 - 44세","여자",54987,55024,54567,52831,51118,48663,45829
"울산광역시","45 - 49세","남자",56619,56136,55058,56346,56170,55003,54291
"울산광역시","45 - 49세","여자",51317,51785,52034,54605,55384,55528,55180
"울산광역시","50 - 54세","남자",51742,53754,55780,55833,56037,55298,54875
"울산광역시","50 - 54세","여자",48328,50029,51660,51704,51954,50945,51229
"울산광역시","55 - 59세","남자",35202,37610,40364,43684,46348,49974,51758
"울산광역시","55 - 59세","여자",32365,35033,38006,41283,43894,47524,48789
"울산광역시","60 - 64세","남자",22885,24538,25926,27408,30013,32648,34717
"울산광역시","60 - 64세","여자",20602,22287,23839,25526,28386,31436,33890
"울산광역시","65 - 69세","남자",13978,14798,15771,17407,18875,20814,22316
"울산광역시","65 - 69세","여자",14579,15038,15666,16813,18139,19893,21403
"울산광역시","70 - 74세","남자",9444,10357,11505,11921,12480,12394,13138
"울산광역시","70 - 74세","여자",12074,12924,13827,14230,14570,14071,14465
"울산광역시","75 - 79세","남자",4986,5431,5913,6534,7094,7702,8557
"울산광역시","75 - 79세","여자",9020,9587,10124,10560,11199,11630,12158
"울산광역시","80세이상","남자",3045,3307,3605,4005,4462,5014,5532
"울산광역시","80세이상","여자",9866,10491,11097,11872,12651,13736,14542
"울산광역시","80 - 84세","남자",2089,2291,2538,2821,3199,3583,3951
"울산광역시","80 - 84세","여자",5775,6066,6374,6815,7270,7975,8384
"울산광역시","85 - 89세","남자",724,772,817,902,972,1111,1260
"울산광역시","85 - 89세","여자",2985,3209,3338,3575,3804,4043,4264
"울산광역시","90 - 94세","남자",202,213,217,242,239,265,263
"울산광역시","90 - 94세","여자",911,987,1152,1250,1312,1419,1545
"울산광역시","95 - 99세","남자",30,30,32,38,48,53,55
"울산광역시","95 - 99세","여자",174,208,210,206,230,266,311
"울산광역시","100세 이상","남자",0,1,1,2,4,2,3
"울산광역시","100세 이상","여자",21,21,23,26,35,33,38
"세종특별자치시","계","남자",-,52900,61123,68048,94881,118560,133811
"세종특별자치시","계","여자",-,49257,57340,64389,92321,115850,131706
"세종특별자치시","0 - 4세","남자",-,2275,3074,3563,6402,8323,9372
"세종특별자치시","0 - 4세","여자",-,2298,2994,3538,6067,7774,8817
"세종특별자치시","5 - 9세","남자",-,2196,3061,3629,6226,8347,9793
"세종특별자치시","5 - 9세","여자",-,2165,3022,3526,6112,8204,9512
"세종특별자치시","10 - 14세","남자",-,2650,3315,3655,5507,6809,7973
"세종특별자치시","10 - 14세","여자",-,2634,3220,3485,5293,6767,7919
"세종특별자치시","15 - 19세","남자",-,4089,4295,4540,5898,7223,7960
"세종특별자치시","15 - 19세","여자",-,3819,4147,4537,5793,6974,7755
"세종특별자치시","20 - 24세","남자",-,5421,5840,6197,7406,9283,9564
"세종특별자치시","20 - 24세","여자",-,3731,4127,4676,6040,7439,7893
"세종특별자치시","25 - 29세","남자",-,3787,4196,4724,6102,7521,8338
"세종특별자치시","25 - 29세","여자",-,2534,2784,3238,4909,6563,7577
"세종특별자치시","30 - 34세","남자",-,3840,4525,5068,7536,9517,10136
"세종특별자치시","30 - 34세","여자",-,3145,4029,4804,8064,9992,10786
"세종특별자치시","35 - 39세","남자",-,4060,4899,5440,8841,11740,13641
"세종특별자치시","35 - 39세","여자",-,3257,4333,5050,8917,11981,14276
"세종특별자치시","40 - 44세","남자",-,4141,5418,6310,9668,11948,13366
"세종특별자치시","40 - 44세","여자",-,3297,4319,5142,8420,10798,12380
"세종특별자치시","45 - 49세","남자",-,3788,4302,5260,7270,9618,11604
"세종특별자치시","45 - 49세","여자",-,3290,3703,4345,6096,8089,9852
"세종특별자치시","50 - 54세","남자",-,4167,4662,5006,6388,7265,8275
"세종특별자치시","50 - 54세","여자",-,3788,4253,4482,5655,6593,7491
"세종특별자치시","55 - 59세","남자",-,3404,3879,4328,5422,6776,7765
"세종특별자치시","55 - 59세","여자",-,3335,3644,4039,5201,6601,7492
"세종특별자치시","60 - 64세","남자",-,2567,2781,2989,3827,4830,5654
"세종특별자치시","60 - 64세","여자",-,2627,2850,3090,3890,4970,5766
"세종특별자치시","65 - 69세","남자",-,2038,2069,2249,2805,3360,3782
"세종특별자치시","65 - 69세","여자",-,2334,2381,2513,3020,3596,4041
"세종특별자치시","70 - 74세","남자",-,1979,2150,2183,2312,2441,2620
"세종특별자치시","70 - 74세","여자",-,2595,2779,2778,2958,3007,3120
"세종특별자치시","75 - 79세","남자",-,1475,1551,1662,1804,1925,2101
"세종특별자치시","75 - 79세","여자",-,2166,2225,2363,2628,2827,3046
"세종특별자치시","80세이상","남자",-,1023,1106,1245,1467,1634,1867
"세종특별자치시","80세이상","여자",-,2242,2530,2783,3258,3675,3983
"세종특별자치시","80 - 84세","남자",-,673,731,822,982,1103,1262
"세종특별자치시","80 - 84세","여자",-,1354,1516,1638,1882,2125,2257
"세종특별자치시","85 - 89세","남자",-,268,268,302,357,414,473
"세종특별자치시","85 - 89세","여자",-,621,690,803,977,1100,1216
"세종특별자치시","90 - 94세","남자",-,69,90,110,112,105,113
"세종특별자치시","90 - 94세","여자",-,209,263,271,329,357,405
"세종특별자치시","95 - 99세","남자",-,12,15,8,14,12,19
"세종특별자치시","95 - 99세","여자",-,52,52,59,58,75,86
"세종특별자치시","100세 이상","남자",-,1,2,3,2,0,0
"세종특별자치시","100세 이상","여자",-,6,9,12,12,18,19
"경기도","계","남자",5991599,6060641,6131745,6209792,6282002,6367061,6467424
"경기도","계","여자",5833711,5913841,5994529,6072221,6141015,6233252,6318366
"경기도","0 - 4세","남자",322634,323194,319845,316786,315448,310353,301720
"경기도","0 - 4세","여자",304081,305276,302626,300821,300350,295627,287115
"경기도","5 - 9세","남자",324066,317821,320320,318386,318939,326497,330113
"경기도","5 - 9세","여자",302327,297968,301546,299905,300214,308609,312204
"경기도","10 - 14세","남자",410447,395555,377773,362292,340776,322556,316240
"경기도","10 - 14세","여자",380617,367318,350185,337130,318414,301683,297733
"경기도","15 - 19세","남자",435333,433701,426886,417155,409715,401796,388032
"경기도","15 - 19세","여자",393917,391567,387495,382403,381873,377025,362858
"경기도","20 - 24세","남자",376762,397506,417966,434033,444235,453892,454816
"경기도","20 - 24세","여자",345580,361524,377867,389287,392563,398137,398146
"경기도","25 - 29세","남자",451833,429501,416994,419052,428415,438515,462453
"경기도","25 - 29세","여자",412256,391850,379041,375750,378036,385097,401186
"경기도","30 - 34세","남자",516067,526395,533045,531887,513643,496070,479565
"경기도","30 - 34세","여자",486744,496709,500374,494063,471752,452995,431983
"경기도","35 - 39세","남자",577486,555776,537450,524777,530344,544073,563169
"경기도","35 - 39세","여자",547599,528981,513510,500500,503864,514701,530530
"경기도","40 - 44세","남자",587812,601724,611615,608171,598894,578966,564172
"경기도","40 - 44세","여자",563065,578205,587001,582215,573087,555440,540370
"경기도","45 - 49세","남자",540104,543225,537358,558906,568094,584922,602878
"경기도","45 - 49세","여자",503500,509703,513844,542435,553893,573778,588739
"경기도","50 - 54세","남자",487902,509287,531608,536868,540892,535265,542333
"경기도","50 - 54세","여자",457624,479985,502822,508309,512713,509089,518799
"경기도","55 - 59세","남자",317919,345351,379203,415771,446830,485844,508428
"경기도","55 - 59세","여자",309526,335422,365777,400247,430565,471289,492801
"경기도","60 - 64세","남자",214988,225459,236686,252916,282235,317166,344827
"경기도","60 - 64세","여자",223468,232315,242741,257705,286330,320629,347627
"경기도","65 - 69세","남자",164771,171504,179336,190203,201703,211876,222816
"경기도","65 - 69세","여자",188862,194000,199646,208419,219366,229904,238781
"경기도","70 - 74세","남자",129651,138955,147431,150630,155793,156395,163446
"경기도","70 - 74세","여자",166114,176257,184998,187486,191248,189448,195340
"경기도","75 - 79세","남자",79030,86261,93211,100436,106854,114093,124266
"경기도","75 - 79세","여자",122665,131030,138670,146848,153185,159689,169753
"경기도","80세이상","남자",54794,59426,65018,71523,79192,88782,98150
"경기도","80세이상","여자",125766,135731,146386,158698,173562,190112,204401
"경기도","80 - 84세","남자",35330,38672,42628,46923,52510,59555,65862
"경기도","80 - 84세","여자",73515,79182,84900,90855,98486,108619,116374
"경기도","85 - 89세","남자",14739,15361,16092,17629,19160,21382,23931
"경기도","85 - 89세","여자",36800,39198,41582,46649,51885,55903,60154
"경기도","90 - 94세","남자",4064,4644,5464,5988,6304,6404,6633
"경기도","90 - 94세","여자",12548,14057,16343,17409,18696,20451,21953
"경기도","95 - 99세","남자",592,672,756,896,1102,1319,1590
"경기도","95 - 99세","여자",2538,2895,3150,3343,3927,4488,5188
"경기도","100세 이상","남자",69,77,78,87,116,122,134
"경기도","100세 이상","여자",365,399,411,442,568,651,732
"강원도","계","남자",757935,761014,760774,763051,767652,769110,768854
"강원도","계","여자",740009,743220,744912,747147,748984,751576,752025
"강원도","0 - 4세","남자",32857,32511,31702,31019,30256,29148,27667
"강원도","0 - 4세","여자",30656,30400,29749,29259,28797,27930,26533
"강원도","5 - 9세","남자",36012,34693,34078,33287,32747,32922,32638
"강원도","5 - 9세","여자",33019,31792,31368,30723,30461,30854,30733
"강원도","10 - 14세","남자",49158,46950,44367,41754,38673,35717,34333
"강원도","10 - 14세","여자",44827,42748,40199,37960,35273,32933,31642
"강원도","15 - 19세","남자",55336,55189,54537,53952,53065,51297,49273
"강원도","15 - 19세","여자",47980,47965,47641,47004,46366,44863,42981
"강원도","20 - 24세","남자",55091,56787,57748,58661,62350,63125,61667
"강원도","20 - 24세","여자",41267,42786,43823,44312,44736,46133,45563
"강원도","25 - 29세","남자",49674,47993,45967,44942,45312,46033,47585
"강원도","25 - 29세","여자",38810,36485,35153,34730,34855,35118,36015
"강원도","30 - 34세","남자",49280,49851,49706,49166,47391,45661,43365
"강원도","30 - 34세","여자",45716,46175,45680,44634,42610,40384,37729
"강원도","35 - 39세","남자",57584,54896,52337,50233,49702,49836,50467
"강원도","35 - 39세","여자",53843,51856,49896,47758,47521,47626,48376
"강원도","40 - 44세","남자",63320,64042,63981,63251,61851,59089,56312
"강원도","40 - 44세","여자",58229,58761,59029,58367,57065,55156,53160
"강원도","45 - 49세","남자",62788,62046,60753,63051,64339,65064,65203
"강원도","45 - 49세","여자",58931,57935,56693,58613,59320,59995,60000
"강원도","50 - 54세","남자",67519,68243,68999,67809,65914,63813,63265
"강원도","50 - 54세","여자",65774,66919,67356,65945,63425,60573,59758
"강원도","55 - 59세","남자",51396,54721,58805,62773,65382,69032,69992
"강원도","55 - 59세","여자",50589,53323,57047,60977,64367,68772,69903
"강원도","60 - 64세","남자",34161,35821,37303,40098,45431,51056,54694
"강원도","60 - 64세","여자",36734,38416,39701,42002,46532,51246,54144
"강원도","65 - 69세","남자",33235,33299,33362,33705,33344,33641,35281
"강원도","65 - 69세","여자",38801,38006,37493,37176,36658,37120,38712
"강원도","70 - 74세","남자",30155,31157,31853,31695,31915,30868,30966
"강원도","70 - 74세","여자",38058,39660,40526,40194,39864,37879,37141
"강원도","75 - 79세","남자",17600,19263,20895,22366,23910,25050,26362
"강원도","75 - 79세","여자",27619,29050,30674,32293,33512,34825,36633
"강원도","80세이상","남자",12769,13552,14381,15289,16070,17758,19784
"강원도","80세이상","여자",29156,30943,32884,35200,37622,40169,43002
"강원도","80 - 84세","남자",7909,8429,8966,9587,10183,11574,13202
"강원도","80 - 84세","여자",17164,18097,19047,19990,21017,22485,24066
"강원도","85 - 89세","남자",3675,3808,3875,3951,4034,4267,4614
"강원도","85 - 89세","여자",8454,8986,9517,10576,11628,12150,12895
"강원도","90 - 94세","남자",983,1084,1280,1463,1556,1598,1604
"강원도","90 - 94세","여자",2835,3061,3443,3714,4035,4445,4795
"강원도","95 - 99세","남자",173,198,224,247,269,290,329
"강원도","95 - 99세","여자",615,705,778,819,835,967,1099
"강원도","100세 이상","남자",29,33,36,41,28,29,35
"강원도","100세 이상","여자",88,94,99,101,107,122,147
"충청북도","계","남자",781367,785564,791388,798861,805198,812339,817342
"충청북도","계","여자",763847,767914,773428,779542,784066,788565,791719
"충청북도","0 - 4세","남자",37288,37576,37250,36775,36114,35076,33990
"충청북도","0 - 4세","여자",34924,35395,34980,35047,34680,33857,32566
"충청북도","5 - 9세","남자",38203,37141,37128,36706,36457,37089,37261
"충청북도","5 - 9세","여자",35253,34463,34698,34266,34113,34709,35012
"충청북도","10 - 14세","남자",52070,49247,46702,44373,41251,38180,37047
"충청북도","10 - 14세","여자",47778,45368,42640,40516,37660,34883,34120
"충청북도","15 - 19세","남자",59051,58872,58223,57392,56829,55309,52259
"충청북도","15 - 19세","여자",51578,52280,52959,52689,51666,50506,47333
"충청북도","20 - 24세","남자",54663,55975,57632,59975,61708,65645,65430
"충청북도","20 - 24세","여자",46209,46603,47092,48207,50215,52719,53057
"충청북도","25 - 29세","남자",56886,54862,52921,51962,52104,53208,55211
"충청북도","25 - 29세","여자",47942,45358,43641,42667,42286,42629,43103
"충청북도","30 - 34세","남자",57809,59192,60212,60159,58585,57068,54818
"충청북도","30 - 34세","여자",52042,53489,54059,53804,51594,49413,46754
"충청북도","35 - 39세","남자",62802,61148,59404,58230,58776,59317,60685
"충청북도","35 - 39세","여자",57971,56377,54817,53161,53245,53271,54816
"충청북도","40 - 44세","남자",66895,67340,68237,67304,66370,63984,62231
"충청북도","40 - 44세","여자",62942,63486,63664,62278,61271,59288,57718
"충청북도","45 - 49세","남자",64863,64642,64136,67878,68556,69109,69157
"충청북도","45 - 49세","여자",59607,59487,59933,63982,64924,65450,65359
"충청북도","50 - 54세","남자",65520,67109,68526,67796,68453,65965,66249
"충청북도","50 - 54세","여자",62161,63730,65120,64083,63886,61508,61806
"충청북도","55 - 59세","남자",48310,51106,55189,59286,62366,67390,69192
"충청북도","55 - 59세","여자",47524,49706,53197,57078,60295,65368,66931
"충청북도","60 - 64세","남자",33371,35400,36994,39399,43304,48159,51722
"충청북도","60 - 64세","여자",34376,36208,37800,40101,43858,48239,51248
"충청북도","65 - 69세","남자",28608,28471,28778,29995,30964,32340,34716
"충청북도","65 - 69세","여자",33579,32485,31860,32190,32730,34203,36281
"충청북도","70 - 74세","남자",26062,26707,27579,27279,27368,26300,26248
"충청북도","70 - 74세","여자",34487,35185,35905,35311,34911,33050,31941
"충청북도","75 - 79세","남자",17175,18373,19259,20217,20721,21267,22531
"충청북도","75 - 79세","여자",28042,29165,30040,30998,31079,31070,32541
"충청북도","80세이상","남자",11791,12403,13218,14135,15272,16933,18595
"충청북도","80세이상","여자",27432,29129,31023,33164,35653,38402,41133
"충청북도","80 - 84세","남자",7545,7966,8626,9249,10284,11698,12900
"충청북도","80 - 84세","여자",16434,17392,18469,19555,21112,22835,24373
"충청북도","85 - 89세","남자",3266,3350,3436,3681,3762,3918,4227
"충청북도","85 - 89세","여자",7761,8208,8612,9517,10185,10894,11667
"충청북도","90 - 94세","남자",831,936,1003,1049,1076,1143,1216
"충청북도","90 - 94세","여자",2602,2849,3235,3346,3518,3739,3997
"충청북도","95 - 99세","남자",137,139,138,139,137,158,235
"충청북도","95 - 99세","여자",562,604,623,650,724,809,973
"충청북도","100세 이상","남자",12,12,15,17,13,16,17
"충청북도","100세 이상","여자",73,76,84,96,114,125,123
"충청남도","계","남자",1077734,1042996,1053128,1067014,1075649,1087515,1103324
"충청남도","계","여자",1030636,999693,1009173,1020586,1027162,1038659,1050056
"충청남도","0 - 4세","남자",53124,51910,51313,51047,50700,49542,47921
"충청남도","0 - 4세","여자",49576,48390,48166,47838,47688,47129,46021
"충청남도","5 - 9세","남자",51919,49466,50048,50190,50325,51803,52778
"충청남도","5 - 9세","여자",48123,45730,46598,46732,47065,48215,49219
"충청남도","10 - 14세","남자",68151,63312,60108,57217,53353,50336,49694
"충청남도","10 - 14세","여자",62386,57521,54868,52653,49538,46840,46245
"충청남도","15 - 19세","남자",77238,72650,72373,72067,71852,70852,68587
"충청남도","15 - 19세","여자",69932,66520,66977,66883,65592,65445,63105
"충청남도","20 - 24세","남자",73604,70012,72344,75034,76796,79328,79804
"충청남도","20 - 24세","여자",66806,64170,63824,64174,65836,68133,67952
"충청남도","25 - 29세","남자",81693,75706,72752,71624,71034,71283,73989
"충청남도","25 - 29세","여자",62070,58415,57531,57287,56416,56355,57101
"충청남도","30 - 34세","남자",85790,85890,87849,88122,85367,82184,79425
"충청남도","30 - 34세","여자",70030,70157,71711,72118,69385,67076,64592
"충청남도","35 - 39세","남자",88665,83701,82630,82422,83990,86503,90362
"충청남도","35 - 39세","여자",76508,72583,71175,69970,71212,72453,75509
"충청남도","40 - 44세","남자",90195,89273,91150,91453,91276,88656,87193
"충청남도","40 - 44세","여자",77531,77041,78593,78654,78251,76879,75805
"충청남도","45 - 49세","남자",84777,81490,81336,85997,85782,89958,92599
"충청남도","45 - 49세","여자",73873,71317,71442,76127,76228,79277,81085
"충청남도","50 - 54세","남자",82805,82439,85335,85823,87452,83710,84227
"충청남도","50 - 54세","여자",76912,76351,78533,78044,78321,74775,75204
"충청남도","55 - 59세","남자",61591,62087,66841,71865,75841,82019,85611
"충청남도","55 - 59세","여자",60794,60531,64534,69275,73086,78587,81544
"충청남도","60 - 64세","남자",50269,49167,49640,50928,54699,60219,63664
"충청남도","60 - 64세","여자",51161,50285,51098,52619,56037,60904,63841
"충청남도","65 - 69세","남자",40783,39065,39546,41604,44344,47051,48966
"충청남도","65 - 69세","여자",47808,44055,43187,44129,46551,49429,51455
"충청남도","70 - 74세","남자",38379,37332,37854,37024,36583,35722,36185
"충청남도","70 - 74세","여자",50997,49746,49936,48456,47142,44599,42855
"충청남도","75 - 79세","남자",28920,29000,29722,30498,30502,30142,31646
"충청남도","75 - 79세","여자",43803,43309,44263,45616,45456,44618,46360
"충청남도","80세이상","남자",19831,20496,22287,24099,25753,28207,30673
"충청남도","80세이상","여자",42326,43572,46737,50011,53358,57945,62163
"충청남도","80 - 84세","남자",13070,13660,14924,16172,17585,19543,20877
"충청남도","80 - 84세","여자",24986,25829,27687,29395,31594,34521,36387
"충청남도","85 - 89세","남자",5242,5204,5550,5992,6204,6573,7481
"충청남도","85 - 89세","여자",12243,12369,12956,14241,15169,16280,18041
"충청남도","90 - 94세","남자",1306,1397,1549,1634,1645,1771,1936
"충청남도","90 - 94세","여자",4069,4341,5015,5191,5299,5719,6081
"충청남도","95 - 99세","남자",198,218,247,284,301,301,354
"충청남도","95 - 99세","여자",898,900,949,1046,1142,1246,1459
"충청남도","100세 이상","남자",15,17,17,17,18,19,25
"충청남도","100세 이상","여자",130,133,130,138,154,179,195
"전라북도","계","남자",896178,902355,905581,911507,916353,916567,912675
"전라북도","계","여자",912555,915075,915388,917930,918772,918676,915852
"전라북도","0 - 4세","남자",41194,41451,40800,40344,39814,38420,36243
"전라북도","0 - 4세","여자",38577,38740,38316,37990,37654,36191,34087
"전라북도","5 - 9세","남자",44444,42738,42143,41387,40849,41380,41468
"전라북도","5 - 9세","여자",41274,39666,39223,38535,38209,38879,39167
"전라북도","10 - 14세","남자",61832,58945,55651,52148,48520,44821,43221
"전라북도","10 - 14세","여자",57431,54838,51643,48787,45025,41353,39854
"전라북도","15 - 19세","남자",69837,69745,68877,67626,66520,65248,62242
"전라북도","15 - 19세","여자",62004,61912,61264,59901,59038,58221,55200
"전라북도","20 - 24세","남자",60660,62827,64925,67541,68906,70457,70546
"전라북도","20 - 24세","여자",50255,51886,53359,55039,56541,57780,57375
"전라북도","25 - 29세","남자",57214,55237,53136,52063,52613,52401,52962
"전라북도","25 - 29세","여자",50467,48083,46011,45159,44962,44534,44976
"전라북도","30 - 34세","남자",59428,60741,60740,60809,58557,55411,51562
"전라북도","30 - 34세","여자",56055,56871,56330,55539,53273,50526,47238
"전라북도","35 - 39세","남자",68349,66163,63952,61980,62231,62318,62155
"전라북도","35 - 39세","여자",65142,62924,60551,58325,58093,57944,58568
"전라북도","40 - 44세","남자",73121,74676,76150,75911,75247,71939,68722
"전라북도","40 - 44세","여자",68950,70090,71194,70717,69857,67419,64757
"전라북도","45 - 49세","남자",70617,71109,70469,74173,75677,76902,77532
"전라북도","45 - 49세","여자",67441,67134,66531,69710,70554,71488,71890
"전라북도","50 - 54세","남자",71848,73625,75740,75698,75113,73171,73485
"전라북도","50 - 54세","여자",72153,73660,74777,73671,71474,68850,68987
"전라북도","55 - 59세","남자",55225,58261,62493,66158,69341,73735,74939
"전라북도","55 - 59세","여자",56581,58888,62575,66187,69276,73756,75034
"전라북도","60 - 64세","남자",48766,48519,48155,49917,52727,55705,58157
"전라북도","60 - 64세","여자",51831,51448,50650,52041,54210,56762,59049
"전라북도","65 - 69세","남자",38073,38786,39698,41560,44582,46952,46934
"전라북도","65 - 69세","여자",46199,45214,44746,45888,48746,50964,50894
"전라북도","70 - 74세","남자",34053,35699,36763,35848,35479,35184,35733
"전라북도","70 - 74세","여자",47438,49286,50220,48659,47088,45357,43896
"전라북도","75 - 79세","남자",24154,25347,26220,27201,27444,27771,30081
"전라북도","75 - 79세","여자",40256,41406,42259,43119,43010,42838,45667
"전라북도","80세이상","남자",17363,18486,19669,21143,22733,24752,26693
"전라북도","80세이상","여자",40501,43029,45739,48663,51762,55814,59213
"전라북도","80 - 84세","남자",11712,12401,13069,13960,15239,16727,18044
"전라북도","80 - 84세","여자",24392,25805,27015,28624,30528,32604,34104
"전라북도","85 - 89세","남자",4438,4746,5031,5497,5772,6202,6632
"전라북도","85 - 89세","여자",11114,11815,12612,13717,15025,16599,17785
"전라북도","90 - 94세","남자",1056,1176,1385,1476,1488,1555,1690
"전라북도","90 - 94세","여자",4012,4331,4961,5095,4936,5158,5719
"전라북도","95 - 99세","남자",146,152,170,194,218,248,303
"전라북도","95 - 99세","여자",836,927,997,1068,1135,1300,1422
"전라북도","100세 이상","남자",11,11,14,16,16,20,24
"전라북도","100세 이상","여자",147,151,154,159,138,153,183
"전라남도","계","남자",881745,885977,888449,894525,899920,902337,900464
"전라남도","계","여자",896848,896384,895447,897362,896658,895973,894572
"전라남도","0 - 4세","남자",39600,40094,39859,39729,39572,38524,37074
"전라남도","0 - 4세","여자",37376,38199,38280,38177,38295,37227,35391
"전라남도","5 - 9세","남자",41989,39978,39302,38293,38443,39387,39953
"전라남도","5 - 9세","여자",38907,37280,36759,36102,36013,37136,38023
"전라남도","10 - 14세","남자",59884,56839,53123,49828,45627,41933,40177
"전라남도","10 - 14세","여자",54860,52169,48645,45467,41768,38701,37485
"전라남도","15 - 19세","남자",62878,63123,62423,61324,59571,58631,55476
"전라남도","15 - 19세","여자",54727,53883,52520,51343,51654,50221,47461
"전라남도","20 - 24세","남자",47119,50111,52587,54727,56199,58316,57901
"전라남도","20 - 24세","여자",35482,38344,41611,43393,42235,43149,41902
"전라남도","25 - 29세","남자",48367,46074,44007,44191,45541,46227,46020
"전라남도","25 - 29세","여자",41796,39578,37736,37628,38783,38809,38742
"전라남도","30 - 34세","남자",55220,56555,57450,57606,56345,53857,50132
"전라남도","30 - 34세","여자",49935,50618,50874,50736,49039,47322,44764
"전라남도","35 - 39세","남자",64501,62096,59753,58338,59750,60848,61474
"전라남도","35 - 39세","여자",57897,55647,53387,52203,53097,53861,54691
"전라남도","40 - 44세","남자",72636,73439,74198,73408,72245,68590,65889
"전라남도","40 - 44세","여자",63857,64637,65067,64058,62516,60056,58215
"전라남도","45 - 49세","남자",72447,73424,73034,76339,77514,77301,77456
"전라남도","45 - 49세","여자",64885,64348,63631,65927,66796,67089,67544
"전라남도","50 - 54세","남자",73013,74916,77060,77206,76566,76216,76999
"전라남도","50 - 54세","여자",70615,71950,73266,72275,69913,67948,67561
"전라남도","55 - 59세","남자",56570,58647,62714,67641,71477,76006,77654
"전라남도","55 - 59세","여자",56762,57831,61048,65376,68873,73776,74987
"전라남도","60 - 64세","남자",52312,52334,51637,51881,53986,56158,58363
"전라남도","60 - 64세","여자",54909,54306,53149,53138,55100,56898,58553
"전라남도","65 - 69세","남자",43718,43641,43627,45809,47767,50131,51103
"전라남도","65 - 69세","여자",53765,52182,50450,51376,51814,53564,53850
"전라남도","70 - 74세","남자",42248,43345,44274,42770,41860,40057,40034
"전라남도","70 - 74세","여자",60084,60806,61021,58424,56128,52492,50891
"전라남도","75 - 79세","남자",28107,29296,30402,31402,32436,33551,35799
"전라남도","75 - 79세","여자",48952,49829,50785,51704,52383,52998,55329
"전라남도","80세이상","남자",21136,22065,22999,24033,25021,26604,28960
"전라남도","80세이상","여자",52039,54777,57218,60035,62251,64726,69183
"전라남도","80 - 84세","남자",14100,14755,15448,16061,16715,17828,19460
"전라남도","80 - 84세","여자",31086,32974,34647,36113,36596,37525,39429
"전라남도","85 - 89세","남자",5590,5715,5729,6048,6401,6765,7350
"전라남도","85 - 89세","여자",14722,15055,14918,16028,18197,19482,21345
"전라남도","90 - 94세","남자",1258,1383,1602,1686,1664,1721,1806
"전라남도","90 - 94세","여자",4951,5352,6221,6406,5987,6122,6585
"전라남도","95 - 99세","남자",171,197,206,221,219,265,322
"전라남도","95 - 99세","여자",1106,1214,1240,1286,1287,1408,1612
"전라남도","100세 이상","남자",17,15,14,17,22,25,22
"전라남도","100세 이상","여자",174,182,192,202,184,189,212
"경상북도","계","남자",1328334,1334532,1337940,1344773,1349606,1355427,1351843
"경상북도","계","여자",1316658,1321223,1323001,1326149,1328162,1327912,1323285
"경상북도","0 - 4세","남자",58940,59534,59024,58867,58611,57614,54781
"경상북도","0 - 4세","여자",54881,55401,55000,54981,54749,53963,51507
"경상북도","5 - 9세","남자",59602,57544,57201,56097,55933,57034,57360
"경상북도","5 - 9세","여자",53943,52451,52290,51467,51440,52531,52965
"경상북도","10 - 14세","남자",82035,78074,73438,69301,63510,58659,56391
"경상북도","10 - 14세","여자",73176,69502,65090,61469,56599,52791,50978
"경상북도","15 - 19세","남자",95630,94075,92146,90223,89210,86761,82252
"경상북도","15 - 19세","여자",79573,79095,78914,76971,76506,74478,70531
"경상북도","20 - 24세","남자",90411,92772,94475,95403,95712,98485,97134
"경상북도","20 - 24세","여자",70628,72308,73222,74229,74299,75020,73656
"경상북도","25 - 29세","남자",91855,88240,85424,84699,84586,84071,84584
"경상북도","25 - 29세","여자",75371,71137,67819,66156,65429,64519,63508
"경상북도","30 - 34세","남자",95671,98326,99087,98723,95063,91030,85338
"경상북도","30 - 34세","여자",84478,86430,86855,85569,82025,77608,71739
"경상북도","35 - 39세","남자",102209,98660,95219,93050,94273,96163,97606
"경상북도","35 - 39세","여자",93871,90647,87020,83997,83970,84849,86742
"경상북도","40 - 44세","남자",109108,110364,110996,109450,107528,103269,99112
"경상북도","40 - 44세","여자",100539,101395,101511,99874,97947,94866,91128
"경상북도","45 - 49세","남자",107779,107073,105763,109675,111535,112486,112885
"경상북도","45 - 49세","여자",100616,99861,98980,102744,103821,104212,104137
"경상북도","50 - 54세","남자",110393,113371,116739,116673,115431,112533,111202
"경상북도","50 - 54세","여자",108224,110640,113327,112325,109955,105576,104315
"경상북도","55 - 59세","남자",87425,91996,96501,102804,108389,115379,117608
"경상북도","55 - 59세","여자",89839,93494,97010,102289,107719,113814,115619
"경상북도","60 - 64세","남자",70145,72968,75210,76990,81561,88585,93166
"경상북도","60 - 64세","여자",72920,76097,78686,81158,86159,92341,95601
"경상북도","65 - 69세","남자",54782,54703,55187,58835,62703,67581,71374
"경상북도","65 - 69세","여자",67383,64797,62794,63922,66273,71381,75471
"경상북도","70 - 74세","남자",51685,53001,54917,54016,52804,49442,49685
"경상북도","70 - 74세","여자",72620,74143,75440,73749,70940,64453,62185
"경상북도","75 - 79세","남자",35338,37030,38306,40060,41017,41597,43809
"경상북도","75 - 79세","여자",58865,60500,62107,64485,65078,65217,67560
"경상북도","80세이상","남자",25326,26801,28307,29907,31740,34738,37556
"경상북도","80세이상","여자",59731,63325,66936,70764,75253,80293,85643
"경상북도","80 - 84세","남자",16428,17478,18638,19880,21650,23943,25673
"경상북도","80 - 84세","여자",35588,37663,39400,41188,44392,47376,49725
"경상북도","85 - 89세","남자",6865,7173,7356,7626,7606,8168,9054
"경상북도","85 - 89세","여자",17126,18004,18995,20673,21659,22960,25053
"경상북도","90 - 94세","남자",1783,1865,2006,2076,2133,2237,2384
"경상북도","90 - 94세","여자",5755,6234,6996,7259,7442,8037,8613
"경상북도","95 - 99세","남자",231,266,290,306,323,358,405
"경상북도","95 - 99세","여자",1114,1260,1363,1438,1567,1716,2023
"경상북도","100세 이상","남자",19,19,17,19,28,32,40
"경상북도","100세 이상","여자",148,164,182,206,193,204,229
"경상남도","계","남자",1651780,1661753,1668122,1683623,1696568,1700617,1698965
"경상남도","계","여자",1592932,1603742,1609843,1623746,1633662,1637091,1640310
"경상남도","0 - 4세","남자",83562,84115,82966,82352,82085,79324,75901
"경상남도","0 - 4세","여자",77893,78672,77390,77021,76880,75095,71796
"경상남도","5 - 9세","남자",83831,81486,81426,80840,81165,83098,83900
"경상남도","5 - 9세","여자",75445,73949,74785,75121,75610,77593,78601
"경상남도","10 - 14세","남자",112461,107078,101028,95958,89197,83133,80794
"경상남도","10 - 14세","여자",100779,96401,90467,85913,79852,74886,73334
"경상남도","15 - 19세","남자",122145,121726,118762,115183,112500,108463,102162
"경상남도","15 - 19세","여자",100616,99783,97984,96063,96323,93052,87862
"경상남도","20 - 24세","남자",100355,105967,111516,115411,117539,118590,116277
"경상남도","20 - 24세","여자",74915,79135,83614,86716,86780,87707,85871
"경상남도","25 - 29세","남자",117471,109803,105368,105975,108567,107812,107272
"경상남도","25 - 29세","여자",95837,89268,83971,82110,82919,82191,83134
"경상남도","30 - 34세","남자",133481,136981,137643,136906,132542,126179,117854
"경상남도","30 - 34세","여자",115767,118629,118965,117457,111663,104722,97469
"경상남도","35 - 39세","남자",143906,138297,133374,131400,133239,136338,139200
"경상남도","35 - 39세","여자",130936,125586,120480,117830,118671,120601,123594
"경상남도","40 - 44세","남자",150549,152319,153579,152097,149437,143966,138125
"경상남도","40 - 44세","여자",140446,142117,142861,140889,137889,132982,127775
"경상남도","45 - 49세","남자",141256,140997,138585,145234,148057,150121,152040
"경상남도","45 - 49세","여자",130532,130470,130135,137744,140642,143149,144398
"경상남도","50 - 54세","남자",138508,142685,146701,145479,144385,141098,141231
"경상남도","50 - 54세","여자",131791,136156,140059,138791,137752,132916,133092
"경상남도","55 - 59세","남자",99938,106093,113985,122695,129235,138774,142719
"경상남도","55 - 59세","여자",98766,104390,111176,119702,125954,135539,139780
"경상남도","60 - 64세","남자",74001,77719,79776,82875,89925,98162,105169
"경상남도","60 - 64세","여자",76809,79978,82031,84735,91741,100166,106602
"경상남도","65 - 69세","남자",54073,55195,57490,61843,65548,70582,74585
"경상남도","65 - 69세","여자",66411,65560,65506,68143,70606,75849,79213
"경상남도","70 - 74세","남자",45780,47518,49469,49633,50377,48354,50083
"경상남도","70 - 74세","여자",67489,69004,70514,69253,68185,63661,63152
"경상남도","75 - 79세","남자",29984,31764,33095,34635,36095,37535,39665
"경상남도","75 - 79세","여자",54676,56377,57665,59720,61087,61829,63903
"경상남도","80세이상","남자",20479,22010,23359,25107,26675,29088,31988
"경상남도","80세이상","여자",53824,58267,62240,66538,71108,75153,80734
"경상남도","80 - 84세","남자",13879,14892,15789,16928,18206,20128,21988
"경상남도","80 - 84세","여자",33283,36128,38161,40125,42578,44612,47036
"경상남도","85 - 89세","남자",5232,5604,5894,6330,6547,6924,7797
"경상남도","85 - 89세","여자",15316,16304,17362,19188,20683,22132,24393
"경상남도","90 - 94세","남자",1223,1343,1468,1604,1653,1748,1888
"경상남도","90 - 94세","여자",4279,4806,5636,6099,6635,7039,7678
"경상남도","95 - 99세","남자",134,159,194,226,253,269,293
"경상남도","95 - 99세","여자",835,904,953,988,1071,1211,1445
"경상남도","100세 이상","남자",11,12,14,19,16,19,22
"경상남도","100세 이상","여자",111,125,128,138,141,159,182
"제주특별자치도","계","남자",277692,281398,286074,293154,301539,311239,320329
"제주특별자치도","계","여자",276153,279420,283960,290181,297713,306880,314590
"제주특별자치도","0 - 4세","남자",15032,15099,14996,15343,15509,15730,15429
"제주특별자치도","0 - 4세","여자",14050,14163,14229,14459,14813,14908,14656
"제주특별자치도","5 - 9세","남자",16710,16220,16207,16225,16501,17099,17487
"제주특별자치도","5 - 9세","여자",14760,14590,14739,14910,15202,15975,16380
"제주특별자치도","10 - 14세","남자",21495,20760,19995,19472,18519,17821,17572
"제주특별자치도","10 - 14세","여자",19553,18855,18097,17441,16546,15714,15756
"제주특별자치도","15 - 19세","남자",21609,21842,21636,21062,20948,20635,19952
"제주특별자치도","15 - 19세","여자",19096,19031,18764,18519,18712,18584,17860
"제주특별자치도","20 - 24세","남자",16173,17130,18360,19581,20561,21216,21924
"제주특별자치도","20 - 24세","여자",14015,14859,16128,17102,17419,17849,18162
"제주특별자치도","25 - 29세","남자",17343,16430,16058,16277,16913,17668,19097
"제주특별자치도","25 - 29세","여자",16244,15218,14543,14647,15384,16104,17045
"제주특별자치도","30 - 34세","남자",19773,20360,20808,21288,21365,20925,20334
"제주특별자치도","30 - 34세","여자",18644,19267,19695,20023,19782,19542,19094
"제주특별자치도","35 - 39세","남자",23922,23165,22421,22124,22862,24216,25415
"제주특별자치도","35 - 39세","여자",22413,21317,20599,20298,21263,22852,24211
"제주특별자치도","40 - 44세","남자",25826,26441,27157,27469,27862,27675,27530
"제주특별자치도","40 - 44세","여자",24001,24917,25649,25971,25903,25477,25148
"제주특별자치도","45 - 49세","남자",23662,24181,24350,25688,27070,28481,30175
"제주특별자치도","45 - 49세","여자",21750,22049,22242,23515,24663,26013,27706
"제주특별자치도","50 - 54세","남자",21419,22180,23340,24147,24568,25870,26718
"제주특별자치도","50 - 54세","여자",20595,21300,22379,22791,23181,24036,24569
"제주특별자치도","55 - 59세","남자",15284,16576,18176,19946,21356,22879,24281
"제주특별자치도","55 - 59세","여자",15256,16473,17844,19529,20690,22288,23475
"제주특별자치도","60 - 64세","남자",12480,12545,12562,12946,14505,16189,17807
"제주특별자치도","60 - 64세","여자",12827,12882,12990,13435,14995,16679,18052
"제주특별자치도","65 - 69세","남자",10432,10748,11112,11649,11893,12451,12746
"제주특별자치도","65 - 69세","여자",11575,11750,11981,12342,12838,13379,13605
"제주특별자치도","70 - 74세","남자",8351,8799,9194,9310,9606,9821,10160
"제주특별자치도","70 - 74세","여자",11012,11394,11741,11686,11697,11551,11808
"제주특별자치도","75 - 79세","남자",5199,5648,6007,6422,6747,7106,7655
"제주특별자치도","75 - 79세","여자",9146,9514,9658,9958,10289,10650,10977
"제주특별자치도","80세이상","남자",2982,3274,3695,4205,4754,5457,6047
"제주특별자치도","80세이상","여자",11216,11841,12682,13555,14336,15279,16086
"제주특별자치도","80 - 84세","남자",1917,2197,2572,3035,3473,3992,4352
"제주특별자치도","80 - 84세","여자",5804,6296,6897,7467,7839,8418,8643
"제주특별자치도","85 - 89세","남자",774,751,760,800,917,1087,1311
"제주특별자치도","85 - 89세","여자",3476,3388,3106,3409,3910,4256,4790
"제주특별자치도","90 - 94세","남자",242,275,307,310,296,316,301
"제주특별자치도","90 - 94세","여자",1457,1628,2128,2124,2010,1945,1874
"제주특별자치도","95 - 99세","남자",45,46,50,55,60,55,77
"제주특별자치도","95 - 99세","여자",414,460,481,483,485,570,671
"제주특별자치도","100세 이상","남자",4,5,6,5,8,7,6
"제주특별자치도","100세 이상","여자",65,69,70,72,92,90,108
